id,sort,hitokoto
4365,Internet,扣首问路，码梦为生
57,Anime,我很好奇！
4293,Novel,消灭人类暴政，世界属于三体！
4536,Internet,如果不被畏惧，神又何以为神。
3612,Other,如果有来生，要做一棵树，站成永恒，没有悲欢的姿势。一半在土里安详，一半在风里飞扬，一半洒落阴凉，一半沐浴阳光，非常沉默非常骄傲，从不依靠 从不寻找。
4220,Myself,天下没有免费的午餐，努力创造奇迹吧少年！
4613,Game,你要的未来，就是这个样子吗？
4040,Anime,青春是谎言，是邪恶。
4275,Novel,所谓“大家”，就是无视并牺牲了一部分弱势群体后所达到的虚伪的和平与共识
146,Anime,我并不羡慕别人的人生，这就是所谓幸福。
3915,Novel,薛洋的小指断了，月老怎么牵线呢。
4044,Other,相信爱的人，才会和爱相遇
4334,Anime,每当心情郁闷的时候，用手托腮就好，手臂会因为帮上忙而开心的。
3809,Novel,Something……for nothing！用什么珍贵的东西，换回了空白。
19,Anime,当你想做一件事，却无能为力的时候，是最痛苦的。
3698,Other,知我者谓我心忧
1056,Other,活着的时候要尽欢，死的时候才没有遗憾。
4562,Internet,牵着你手的时候，世界属于我。
4627,Myself,漂亮姑娘千千万，功名万里惟一人！
4378,Anime,悲痛的事，温柔以对；难过的事，坚强以对。
788,Internet,宅，是一种生活状态；死宅，是一种人生境界…
1313,Novel,人总是健忘的，所以在行走一段人生旅途后，总要不自觉地停下来，整理一下前段时间的得与失，得大于失证明这段时间没有浪费，欣喜若狂的准备下一段旅途。
4489,Novel,当太阳落山以后，烛光永无法替代。
207,Anime,旅行唯有出发前最愉快，狗儿唯有叫声最吓人，女人唯有背影最美丽。
3903,Novel,生前哪管身后事，浪得几日是几日。
3730,Anime,"有样东西是其他生物绝对没有 只有人类才有 那就是人有秘密
"
3982,Myself,我们走过了幼稚，走过了纯粹，走过了伤痛，也就走过了青春。
3662,Game,"为了明天和下个明天.怀抱着籍由互相弥补而获得,无可取代的平静."
1044,Anime,物转星移，花开花落，周而复始，生生不息，但今昔已非昨日，然今日花容依旧。
3717,Other,知道你过得不好我也就安心了。
4093,Game,人与人的羁绊是真正的力量之源
3918,Novel,现在的魏无羡，离开了蓝忘机就不行。
1187,Myself,人总是害怕死亡，却殊不知有出生之时必有死亡之日。
4085,Other,未期之遇，不告而别。闻所闻而来，见所见即去。
3657,Game,在那里，悖论相互交织成结并最终凝结成一个意识体，一个处于时间之外的欲望与意志的联结。
664,Game,纯氧对生物有害，毫无保留的真相，只会把人的精神击溃。一比五的氧与氮，才是可供呼吸的空气。同样，呼吸著以戏言稀释的少量真实，人才能维持健全的心。
3623,Anime,鸣神の　少しとよみて　さし昙り　雨も降らんか　君を留めん
824,Anime,"祈求别人幸福的同时,却不得不去诅咒其他的人,我们魔法少女就是这样的构造吧!"
428,Internet,旅行的意义在于找到自己，而非浏览他人。
4584,Anime,知道和感觉到是两码事。
1018,Novel,如果你掉进了黑暗里，你能做的，不过是静心等待，直到你的双眼适应黑暗。
4049,Anime,步伐虽小，密而不停
362,Myself,我不会接受我不要的未来，哪怕是命中注定。
288,Game,承君此诺，必守一生。
1180,Myself,"如果真的失败了，请总结自己""为什么会失败？"""
529,Anime,只要有你想要保护的东西，那就拔剑好了。
4043,Other,浮天水送无穷树，带雨云埋一半山。
32,Anime,微风摇曳着窗帘，夕阳斜射入教室，在那里鼓起勇气告白的少年。即使现在也能清晰地回想起她的声音「当朋友，不行吗？」
4623,Novel,或许并不是所有人都能在这个艰难的世界上生存下来，但每一个牺牲者的出现，都只能证明我们的无能。
1007,Anime,为什么妈妈就不明白无所事事的忙碌呢。
3941,Myself,你身上散发出的迷人气息足以说明你是一朵艳丽的玫瑰 不过也是一场祸。
1285,Novel,太想伸手摘取星星的人，常常忘记脚下的鲜花。
4225,Anime,大家都是伪善者，世间充斥着不真实。
4329,Novel,人类文明从仰望星空那一刻起，就已经距离揭示宇宙奥秘仅有一步之遥了。
3757,Other,“你要相信一定有个人在等你，等你踏着四月的细雨，等你三月的桃花五月又落尽，你不要辜负了他的等待。” 来自森林先生的信，一个治愈暖心的微博，在这些风风雨雨的日子里感觉你的温柔，愿深情都会被温柔以待。 ​​​
981,Comic,总有一天一定会……有站在你身边与你展望着同样的未来的伙伴出现。
459,Internet,是金子一定会发光，是银子一定会花光，是裙子一定会走光，是节操一定要丢光。
3746,Myself,如果现在不开始想，那以后哪有时间做
3988,Anime,有的只是很简单的唯一的思想…只此一个！“胜利然后支配”！仅此而已...这才是我唯一的满足感！…至于过程和方法之类…并不重要！
1258,Anime,今宵之月，绝不西沉。只此美梦，不再苏醒。从今往后，生生世世，长相厮守，为你立誓。
4042,Anime,孤高的游荡灵魂不需要羁绊之地
1049,Anime,生活坏到一定程度就会好起来，因为它无法更坏。
1356,Anime,为了爱，与梦想！
1167,Anime,大部分人并不想长大，只是没办法继续当一个小孩子
667,Other,我无处不在
3859,Novel,别师犹染凡心 剑端新雪霁 独恨无留迹
885,Anime,应该可以了吧，我已经很努力了，应该可以抵达终点了…
1069,Anime,有了喜欢的人，就会在意各种小事，感觉很不自由，但是，为了那些小事左思右想，心里竟然会这么快乐。
3940,Anime,"能力越大,责任越大"
747,Other,"有一个面包,走着走着肚饿了,于是就把自己吃了"
337,Novel,江湖可能因为少了谁而失色，却不会因为少了谁后就不再是江湖。
98,Anime,烦恼这东西，是只有活着的人，才有的特权哦。
641,Anime,"笨蛋,蠢货"
95,Anime,你的心可以属于耶稣，但你的屁股永远属于陆战队！
106,Anime,倘若只是为了驱赶心中的寂寞，找谁都可以的。
4451,Novel,小太阳很忙，小云朵想吃糖，长颈鹿嫌脖子不够长，喜欢你太难忘
3748,Anime,坐上与学校相反方向的电车，展开没有目标的旅行，去往那从未见过的地方
90,Anime,我们虽然距离很远很远，非常非常的远，但是思念或许真的可以穿越时间和距离。
388,Internet,你若盛开，清风自来。
908,Anime,我觉得你很幸福，因为你可以选择爱或者不爱我，而我只能选择爱或者更爱你
1380,Anime,愿你有一天，能与你最重要的人重逢
810,Other,人生的真理，只是藏在平淡无味之中。
151,Anime,我的眼睛，就是为了寻找你而存在的。
1347,Anime,就算世界终结，也无所谓
1067,Internet,你的名字那么普通也就我听到会心头一怔。
4178,Game,"不要随便对女生做承诺,尤其是在你没有把握的情况下。"
796,Other,给生命以时间，而不是给时间以生命。
4071,Novel,有一种爱情，是插在心上的刀。
1310,Novel,如果到了一个遥远陌生的国度，还不去改变或者推翻自己的曾经，那这远走高飞还有什么飞头？
4228,Anime,不服从命令的人是人渣，抛弃同伴的人连人渣都不如。
587,Novel,唯一不可阻挡的是时间，它像一把利刃，无声地切开了坚硬和柔软的一切，恒定地向前推进着，没有任何东西能够使它的行进产生丝毫颠簸，它却改变着一切。
76,Anime,我想要握紧的并不是匕首或是什么，只不过是他的掌心而已。
33,Anime,少罗嗦，你还不如虫子呢！
212,Anime,我的终点，与幸福同在。
1113,Anime,自己的过去会被当做笑话或者捏他的形式，被他人随随便便的共有化。
215,Anime,私だって今日こそ... 遠野くんに告白するんだ。
772,Anime,我知道的，面码…自己已经死掉这点事，还是知道的…
4294,Novel,碑是那么小，与其说是为了纪念，更像是为了忘却。
447,Internet,你才是⑨！你全家都是⑨！
355,Myself,此时此刻一切都是静寂的，只剩下我与你的世界，这就是爱？
4424,Anime,"I met the girl under full-bloomed cherry blossoms, and my fate has begun to change."
953,Novel,生命中曾经有过的所有灿烂，终究都需要用寂寞来偿还。
476,Other,君生我未生，我生君已老。 君恨我生迟，我恨君生早。
3587,Novel,黑，真他妈黑啊
184,Anime,美丽的不是这个世界，而是看世界的你的眼神。
867,Anime,真正重要的东西，永远都是非常简单的。
1284,Game,猎人永不孤单。
1027,Comic,跌跌撞撞的成长，又美又疼才是本质。
4457,Internet,我寻了半生的春天，你一笑便是了。
3839,Anime,死者的血泪混入滚滚的流沙之中...将会赐予修罗更强的力量...
1335,Anime,如果我们能活着出去，千山万水，你愿意陪我一起看吗？
3614,Internet,自古表白多白表，从来情书难书情。笑谈年少多少年，常与生人道人生。
675,Anime,みんなで作る、最高のライブ！
4303,Myself,生死听天命，你也由天定！
196,Anime,离别并不痛苦，因为我们都微笑着。
849,Myself,眼泪能够诠释最开心，却无法尽展最悲伤。
4180,Myself,我们所做的事情，不过是重复前人所做的事情罢了
4162,Other,给我这个世界上最诚实的人写的六行字，我一定能从中找到足够的理由来绞死他。
1100,Anime,人这种东西，除了为了永不满足的欲望追求新的刺激之外，也是重视稀少价值之物的奇怪生物。
898,Novel,没有脚踏实地建立起来的东西，就无法形成精神和物质上的支撑。
890,Other,这世界是个好地方，值得为它奋斗。后半句我同意。
1161,Anime,除了这一颗心，都是你的。
1043,Comic,身为冒险者，如果安静的老死在床上，那简直就是耻辱！
1314,Other,不知寒暑，不识香臭，不辨是非，无家国之念，无亲情之观，无喜乐，无悲欢，与朽木何异？
4252,Anime,背后即是祖国，我们无路可退。
317,Novel,救救我啊奥特曼，哪怕你只能撑三分钟……
3975,Game,"吾虽浪迹天涯，却未迷失本心。
"
478,Other,缘起，在人群中，我看见你。缘灭，我看见你，在人群中。
490,Anime,我们总是在注意错过太多，却不注意自己拥有多少。
3599,Novel,生我何用？不能欢笑。灭我何用？不减狂骄。
723,Other,你的胆小，就让它，见鬼去吧。
753,Novel,"叹飘渺，莫过春樱转瞬逝；怜世间,万千繁华始归尘。"
539,Anime,明天的事，交给明天的我。
1047,Anime,从进入厨房的瞬间开始，你们就肩负着烹饪美食的责任。
4359,Anime,但是，我没有后悔，不能后悔，因为，我所做的事情一定没有错！
633,Anime,受虐狂的娇小美少年……真想带回家去养一段时间啊。
797,Anime,挡着在我们面前的是巨大庞然的人生，阻隔在我们中间的是广阔无际的时间，对于他们，我们无能为力…
4482,Novel,在童话中，一个人做他想做的事；在现实中，一个人做他能做的事。
4196,Myself,忘了TA以后，我还能忘记什么！
555,Anime,即使你忘记我，我也不会遗忘你！
128,Anime,呐，我们好像是，被宇宙和地球拆散的恋人似的。
1386,Anime,梦想是否无聊并不是别人来决定的，不管是什么样的梦想，自己拼命努力去追寻才是最重要的。
1296,Other,不忘初心，努力前行
632,Game,我就是小偷，专门来偷走哥哥的心
3844,Anime,从你站在桥上看我的 那一刻起你就是我的世界。
4444,Other,世界上一成不变的东西，只有“任何事物都是在不断变化的”这条真理。
3764,Novel,我们都做了自己的选择，我们都许下了自己的誓言。我们每个人都要在黑暗中死去。认命。
3737,Anime,我们人是需要吃饭、工作和休息的生物，只要满足了其中一项，其他两项也会逐渐满足，而当这三项都满足后，就会得到强烈的存在感。
4503,Anime,人类这种生物，不管有过多少不得不伴着泪水吞咽的教训，只要过了咽喉，所有教训便又会被彻底遗忘。
965,Novel,如果这个世界不喜欢你，那它就是我的敌人了。
792,Internet,有一个捉迷藏社团，他们团长现在还没找到。
1008,Anime,好红，每当想起你，枫叶就会被染红。
978,Internet,如果你愿意一层一层地剥开我的心，你会发现，里面有二尖瓣、三尖瓣、隔缘肉柱、乳头肌，但就是没有你。
3956,Anime,想象力是武器，没有想象力的人会先死。
4343,Other,如果我们有再三思考的机会，几乎没有一件事情是不能被简化的。
4625,Internet,永远不要放弃你真正想要得到的东西，等待虽难，但后悔更甚。
20,Anime,我的腿让我停下，可是心却不允许我那么做。
1119,Myself,我讨厌一会充满希望一会变成绝望，我们已经受够了期待落空了。
820,Anime,"All for one, one for all."
322,Novel,这是傻瓜的血脉使然啊。
52,Anime,从小好女色的男人的想像力比不上狗。
3627,Anime,让我们开始我们的约会（战争）吧
4089,Game,我想你一定很想知道，你昏迷了多长时间……
1385,Anime,不相信人咬不到肚脐的，咬破肚脐去死如何？
1398,Anime,(」・ω・)」うー！(／・ω・)／にゃー！
724,Anime,所谓“大家”，就是无视并牺牲了一部分弱势群体后所达到的虚伪的和平与共识。
465,Other,要么忙着生存要么赶着去死，人总要做点什么。
1391,Other,爱的是你，最爱的还是你。
4001,Game,不管什么时候，能够改变世界的人都是一心追逐梦想的人。
826,Other,如今这里荒草丛生没有了鲜花，好在曾今拥有你们的春秋和冬夏。
730,Other,万法缘生，皆系缘分！
608,Anime,笨蛋吉娃娃（バカチワワ）
1408,Anime,想要试着去相互接近，但最后还是无法敞开心扉，结果就是擦肩而过⋯⋯
87,Anime,在我年轻的时候，不知道什么是恐惧，可偏偏是你的温柔，让我害怕。
3638,Other,三更灯火五更鸡，正是男儿读书时。黑发不知勤学早，白首方悔读书迟。
974,Anime,人是可以改变一切的，世上的一切。
1023,Comic,是不是现在踏出这一步，下决定的是他。
4285,Novel,给时光以生命，给岁月以文明。
4497,Novel,所谓癌症，治疗的过程就是痛苦。
1065,Anime,话说回来，现充还真是麻烦啊。
897,Other,与君初相识，犹如故人归
4226,Internet,有生之年遇到你，竟花光我所有的运气。
1003,Anime,干燥的冷气，尘埃的味道，我在其中……踏上旅途。
333,Novel,你永远是我唯爱旅行中名为秘密的起点站。
612,Anime,告白当天就要H什么的，真是没办法的男人呢。
3635,Myself,"我说：“ 我确信 你知道的，只有努力，才不会让自己轻易地被别人打倒或者看不起。”
你说：“ 我知道，我知道，我一直都知道。”"
405,Internet,胸不平何以平天下，乳不巨何以聚人心。
99,Anime,当朋友是不需要什么资格的。
471,Other,慕君之心，至死方休。
1000,Anime,因为世界并不如你想象的那样坏。
4314,Game,每个人都有不愿回想的……记忆，而我能感知到这些。
503,Other,居安思危，思则有备，有备无患。
4510,Anime,即使我变弱了，也不代表你变强了。
3782,Internet,看来你是不见棺材不落泪不到黄河心不死欲穷千里目更上一层楼呢
4318,Myself,我是个特别害怕失败的人，为此错过了好多事。
882,Anime,我本身得不到答案。所以，我希望有能够答出来之物的诞生。
1172,Myself,我只是一个小后端
4159,Anime,不知彼此来世相逢。是否还能记得我是谁？
4327,Internet,无论将来会遇到谁，生活都是先从遇到自己开始的。
1016,Anime,王冠会让戴上它的人高人一头，是地位的象征。但王冠真正的意义是：当灾难从天而降时，我会为你们抵挡一切，永远让你们只看到金色的希望。
3905,Novel,亦恶亦怜薛成美，半生恶尽半生痴。
4191,Myself,得之我幸，失之我命。
819,Novel,“太阳快落下去了，你们的孩子居然不害怕？”“当然不害怕，她知道明天太阳还会升起来的。”
1304,Internet,今天是一起养狗，以后就一起遛狗，日久生情，狗又生狗。
412,Internet,不约，不约，叔叔我们不约~
4566,Other,且将新火试新茶，诗酒趁年华
434,Internet,生活中若没有朋友，就像生活中没有阳光一样。
811,Anime,“如果我不在了，你会怎样？” “我会去找你” “如果找不见呢？” “我会一直，一直，一直找下去”
535,Anime,区区一只趴在地上的蝼蚁，谁允许你抬起头的， 虫子就要有虫子的样子，低头伏地然后去死。
3879,Game,"当老天都不肯放过你的时候,不管怎么努力也都是徒劳......你说呢?"
864,Other,你骄傲的和别人说，嘿，我写了个能让Windows崩溃的程序，他们会面无表情地盯着你说“哥们，我装（Windows）系统的时候就免费带着了”
220,Anime,明天，不是你想要就能有的。
91,Anime,梦想是否无聊并不是别人来决定的，不管是什么样的梦想，自己拼命努力去追寻才是最重要的。
4608,Novel,今天的我们伤痕累累，但比起昨日，我们应该多少有所成长
931,Anime,她有心，她的心在我这里。
1288,Myself,梦里与现实的距离，仅仅是双眸的一合一闭。
1217,Myself,每个人都曾有一个梦。但最后我们都把它弄丢了，在追逐幻影的路上。
4264,Game,你充满了决心。
4130,Other,霸者之作，其论博也
1365,Anime,想和你重新认识一次 从你叫什么名字说起。
139,Anime,求求你，不要对我这么温柔！
712,Anime,苹果是给那些为了爱选择死亡的人的奖励
943,Anime,挚友的执念烙印此身，无尽的黑暗化为光明，天上天下，一骑当神！
3680,Myself,好想把网易云留给自己后代，因为我的的青春里有太多的歌曲，希望他们能记起。
3926,Game,沉默——真正猎手的选择。
204,Anime,一直注视着你，似近似远，总是触碰不到。
3678,Myself,我有坚硬如钢铁的皮，骨缝中刀匕，肩头上荆棘，都不足以让我哭泣。
3670,Anime,人没有回忆是无法活下去的哟
894,Anime,"比自己,比梦想更重要的东西永远都存在着..."
3840,Anime,有型的东西终究会消逝，不过……终于，这份回忆还是永远不朽的…
1149,Anime,这只手，暂时不洗了
302,Game,刁蛮少女贵千金，比武招亲动芳心。盼能与君长相依，结伴江湖侠侣行。
352,Myself,也许我们都没有长大，只是世界变小了。
879,Anime,人们只是用好人来称呼对自己有用的人而以，不存在对所有人都有用的人
224,Anime,如果我是那雨滴的话，那么，我能够像把不曾交汇的天空与大地连接起来那样，把某人的心串联起来吗？
432,Internet,XX什么的，最讨厌了！
307,Game,人与人在偶然之中创造相遇与别离。
1098,Anime,正因为生命有限，所以才显得更重要，正因为生命有限，所以才更应该努力不懈。
868,Internet,你在我身边也好，在天边也罢，想到世界的角落有一个你，觉得整个世界也变得温柔安定了。
436,Internet,那么，问题来了…
1163,Anime,"我们都很执着,而且思念的越深,越是绝望。"
1123,Internet,每一天都是一个全新的开始
4617,Anime,我对Darling啊，最喜欢了。我们从今以后，都要在一起哦。
593,Novel,给岁月以文明，而不是给文明以岁月。
1227,Anime,想说什么就说，想做什么就做，我们不就是这么一直过来的吗？
241,Anime,男人就应该保持冷静，沸腾的水只会被蒸发掉。
3833,Anime,我的梦想实现了，也留下了美好的回忆，我已经没有任何遗憾了。
4450,Internet,愿你以渺小启程，以伟大结束。
3774,Other,世上无难事，只要肯放弃。
399,Internet,如果分手的恋人还能做朋友，要不从没爱过，要不还在爱着。
1009,Myself,人们要是没有回忆就活不下去，但是只有回忆的话也活不下去。梦总是有会醒来的时候，不会醒的梦总有一天会变成悲伤。
4560,Game,我受到了召唤，我必须回应，一如既往。
190,Anime,哭泣并不能改变任何事情。
59,Anime,我是要成为海贼王的男人！
3874,Internet,承蒙遇见，三生有幸
4413,Other,"I am a slow walker, but I never walk backwards.我走的很慢,但我从来不走回头路."
1134,Other,奇迹，只不过是努力的另一个名字罢了。
761,Anime,明明只是活着，哀伤却无处不在…
3870,Internet,人红是非多，人傻当枪使。人蠢猛跟风，人笨不自知。
3605,Novel,你心中无爱，怎会懂珍惜二字。
4217,Anime,你的败因只有一个，就是与我为敌。 ­
3619,Anime,"翠星石最喜欢苍星石的说,所以到死也要在一起的说..."
873,Novel,无尽虚空，无双幻术，沉沦国度，永世沉沦
3592,Myself,"待至暮年归,挽手戏落日."
3977,Game,如果碰壁，就用力把它碰穿。
3971,Internet,你知不知道，难做的事和应该做的事，往往是同一件事。
244,Anime,人的记忆本来就是暧昧的，不值得信任。
3834,Game,不计代价，小子，活下去。
3652,Internet,向来是据理力争，从不曾无理取闹。
3676,Internet,一切不谈语境的真理都是耍流氓
4110,Novel,明月清风晓星尘，凌霜傲雪宋子琛。
4611,Game,红尘往事付流水，忘尽俗缘始得真，一饮而尽，再醉千年
941,Anime,若没有可依靠之处，便也找不到自己的归宿，躲躲藏藏随波逐流，依附于某物，却又一头撞在看不见的墙壁上。
4299,Anime,欧拉欧拉欧拉欧拉！
78,Anime,就连一直都无容身之地的我……也不是可以任意舍弃的生命。
821,Other,积土而为山，积水而为海。
3996,Comic,伤口只要闭上眼就会消失吗？悲鸣只要听不见就不存在了吗？就算能逃到世界的边缘，也无法逃避自己内心的声音。
540,Anime,在灾难面前，如果连英雄都逃跑了，那还有谁能站出来？
170,Anime,我除了投三分，就什么都没有了……
814,Other,愿我的人民，永远，不要被那些无关紧要的差别，所迷惑。
3775,Game,以剑与火之力，异端之地将燃，以异端之烬，银河将得昌盛。
688,Game,尘归尘，土归土！
837,Myself,不相信命运却屈服于现实，拒绝眼泪却抑制不住悲伤......
522,Anime,为了终止绝望的连锁，希望她能化为照亮正确道路的灯火。
945,Other,"如果我的付出,可以为人类的未来增加一块基石的话,大概我就是为此而生的吧"
3843,Anime,哪怕是打断你的手脚，也要把你带回去。
3772,Anime,恋爱不是谈出来的，而是陷进去的。
3684,Internet,我…真的…每天都在…尽最大的力气……去演一个正常人......或者说在强迫自己正常……求你放过我吧
238,Anime,如果你愿意的话，让我带您去吧，这座小镇，愿望实现的地方……
304,Game,愿风指引着你的道路，愿你的刀刃永远锋利。
4243,Game,双脚着地，踏入地狱。命运在最后一瞬间已经决定，尘土飞扬的大地，是地狱伞兵最后的归宿……
4387,Anime,我不做人了！
427,Internet,那天放学的时候人很多。楼道很挤，你的手不小心碰到了我的手背，这是我漫长而又短暂的初恋。
4248,Other,撞上南墙终于悔悟的我，从未感觉如此失落。
4167,Anime,与其因为不信任而后悔，不如因为相信而后悔。
518,Anime,人永远不知道，谁哪次不经意的跟你说了再见之后，就真的不会再见了。
4017,Anime,哭过喊过便会停止哭泣
985,Anime,大家即将各自展开旅程，挥别这个没落的城镇。
999,Novel,一生中会遇上很多人，真正能停留驻足的又有几个，生命是终将荒芜的渡口，连我们自己都是过客。
1232,Anime,不敢反抗压迫的心理将伴你一生
1129,Anime,人生最糟糕的事，一个是饿肚子，一个是孤独。
3937,Internet,积极者相信只有推动自己才能推动世界，只要推动自己就能推动世界。
3902,Novel,我想带一人回云深不知处。带回去，藏起来。
1214,Myself,每个人都有着不为人知的肮脏。这、就是灵魂。
4223,Anime,但我拒绝！我岸边露伴最喜欢的事情之一，就是向那些自以为是的家伙说，NO！
474,Other,不要因为结束而哭泣，微笑吧，为你的曾经拥有。
728,Internet,为毛我的眼里常含泪水，因为我老是躺着中枪。
331,Novel,就算是沉落地面的太阳，只要夜晚过了一定会再度升起，不管有什么痛苦或难过的事，跟今天截然不同的明天也一定会到来。
563,Anime,此生无悔入东方，来世愿生幻想乡！
871,Anime,我觉得在这里干尽坏事的玩家，都是些在现实世界中也烂到骨子里的家伙。
4628,Myself,一沈秋园，满庭霜落，云烟北桥夜连城。
870,Anime,我已经准备好了足够挡雨的伞，可是却迟迟没有等到雨的到来，这样的尴尬只是我漫长人生中的小插曲罢了。
1307,Internet,你还有好多未完成的梦，你有什么理由停下脚步
628,Anime,最后，士郎……你要去打的話……必须給我贏！你要是死了话……我饶不了你……
4227,Other,人活着，当哭则哭，声音不悲不哭。
928,Novel,"我需要一块二向箔,清理用。"
711,Anime,不要停止奔跑，不要回顾来路，来路无可眷恋，值得期待的只有前方。
610,Anime,回家后我得好好找你人生咨询一下！
743,Anime,活下去的意志是最强的力量！
3669,Internet,可这世间疾苦，照样没放过我
469,Other,握不住的沙，不如扬了它。
3818,Anime,我想你们的努力一定会有回报的
336,Novel,愿我等之誓言，超越姓名与身份而永存。
932,Anime,努力不会背叛自己，虽然有时会背叛梦想
3974,Game,断剑重铸之日，骑士归来之时。
4316,Anime,成一事者，是失之不渝的愚者；毁一事者，是停滞不前的贤者。
1378,Myself,其实本来就没有什么大彻大悟，不过是找到一个够麻痹自己一生的理由。
4078,Novel,遇不可说之事，必须保持沉默。
614,Anime,“我要诅咒！诅咒所有相爱的情侣！诅咒神圣的夜晚！诅咒这整个世界（世界：怪我咯？）！对所有的现充挥下破坏的铁锤！我会让你尝尝……我生涯最大的诅咒！”
853,Other,竟有如此美丽的结构存在
309,Game,少年心意，一如明月松间的青石流水，那些年里看到了，却不懂。
4119,Internet,上帝不会为难头脑简单的孩子
3632,Internet,安静的心是最高的品质，它是没有分界的，完整的、纯洁的。他就是全神贯注、觉察力、爱和最高的智慧
895,Other,"盈盈一水间,脉脉不得语."
3865,Novel,"——你是不是喜欢我？——好好学习，天天向上呢。你这问法可真不单纯。
"
4490,Novel,我们历经沧桑，这样错过了一生最好的时光。
3755,Myself,等一条离群太远的深海游鱼 碰到一只 离群太远的蚁
1169,Other,生活不止眼前的苟且，还应该有诗和远方的田野。
4197,Internet,节日的意义，就是用美好的方式消耗时间
4592,Other,今天也要开心哟~
46,Anime,廉价的自尊、粗劣的傲气，无论哪个后生小辈都很重视这些东西。
581,Novel,我更喜欢死的历史。死的历史用墨水书写，活的历史则用鲜血。
4432,Game,真正的恐怖，存在于约定俗成的恐怖之外。
1146,Internet,你所浪费的今天，是昨天死去的人奢望的明天。你所厌恶的现在，是未来的你回不去的曾经。
1368,Internet,手持两把锟斤拷，口中疾呼烫烫烫。脚踏千朵屯屯屯，笑看万物锘锘锘。
3923,Novel,生前风采有谁听闻 身后恶名竟无人争 当初穿林拂叶见识得 白衣少年胆怯几分
4540,Myself,夏雨微尘轻拂袖，两衫风雪若得闲。
1225,Anime,未来的事无人知晓，所以它才如同这重逢一般，拥有着无限的可能性。
4263,Other,梦は终わり目を觉ます时、绝望や希望も同时に目を觉ました。
364,Myself,不要把你所遭遇的苦难看得太大，更不要把你所拥有的幸福看得太少。
696,Game,最后，我终于解放了我自己……
692,Game,我们是圣骑士，不能让复仇的情绪占据我们的意识。
4098,Myself,老天又给我开了一个大大的玩笑。但是，玩笑是无伤大雅的，对吗？
966,Anime,我喜欢你，比世界上任何人都喜欢你。
3731,Anime,爱一定存在于世上 一定存在 无从寻觅的是爱的表现 是它的表达方式
3917,Novel,夷陵老祖，五文一张，十文三张！
1345,Myself,"别总因为迁就别人,委屈了自己,这个世界上,没几个人值得你总弯腰"
4315,Anime,人各有命，上天注定。有人天生为王，有人落草为寇。脚下的路，如果不是自己的选择，那旅程的终点在哪儿，也没人知道，你会走到哪儿，会碰到谁，都不一定。
3930,Other,故事开始便不承认普通
584,Novel,飞，都是从堕落开始的。
3978,Game,落叶的一生，只是为了归根吧。
1029,Comic,管他不会说话还是不会交流，只要不放弃就一定能把意思传达给对方。
3804,Game,My life for aiur!
3864,Myself,不要企图窥探我的生活，你能看到的，都是我希望让你看到的。
4172,Internet,心情已经习惯和候鸟一起迁徙只是有些仓惶而已。
3660,Anime,以智者之名，为愚者代辩。
4500,Game,为了我，你就永远当个废物吧；为了能让我好好努力，就一生，都成为我的负担吧。
604,Novel,1379号监听员对元首说：我是个小人物，生活在社会最底层，没有人会注意到我，孤独一生，没有地位没有爱情，也没有希望。如果我能够拯救一个自己爱上的遥远的美丽世界，那这一辈子至少没有白活。
329,Novel,我发过誓，再也不装作没察觉，再也不逃避。
104,Anime,我们所过的每个平凡的日常，也许就是连续发生的奇迹。
1359,Game,万物皆虚，万事皆允
1068,Novel,友情其实和爱情一样，很多的时候，距离才可以让彼此更懂得彼此。
3761,Novel,"我要这天再遮不住我眼,要这地再埋不了我心."
1197,Other,若教眼底无离恨，不信人间有白头
4629,Anime,千军万马滚滚来，不知何人留情怀！
351,Myself,你是我的，那是曾经。我是你的，直到现在。
4087,Myself,我们坚持一件事情的时候，不是因为这样做了会有效果，而是坚信，这样做是对的。
4452,Game,谢谢，这个世界需要更多的英雄。
3773,Novel,过去都是假的，回忆是一条没有归途的路，以往的一切春天都无法复原，即使最狂热最坚贞的爱情，归根结底也不过是一种瞬息即逝的现实，唯有孤独永恒。
550,Anime,不要为自己的努力道歉，这样太对不起自己了！
3968,Anime,我们只是历史的过客，目标渺茫，无地自容。我们没有世界大战可以经历，也没有经济大萧条可以恐慌。我们的战争充其量不过是内心之战，我们最大的恐慌就是自己的生活。
4053,Myself,愿用余生换半城烟雨，半城繁花。
3727,Internet,时间是一支孤寂的沙漏，一点一点地漏掉我们静默的年华，剩下比年华更加静默的回忆。
787,Other,"说时依旧,有泪如倾"
4403,Anime,那天，我见过的最强剑客，提起了天下最强的宝剑······却早已没了剑心。
3779,Internet,自古以来流传着这样一个传说 当集齐了七个福禄娃 放到炼丹炉中炼化 就能召唤出神龙，召的出才怪，你以为是龙珠啊。
514,Anime,不管是怎样的回忆，都是我们活过的人生。
4002,Game,这个世界上并没有绝对的强大或弱小。强大亦是弱小，弱小亦是强大。
615,Anime,喂？FFF团团长须川亮吗？这有一个要入团的！
410,Internet,心之所愿，无所不成。
579,Novel,女人应该像水一样的，什么样的地方都能淌得过去啊。
4258,Novel,为你明灯三千，为你花开满城，为你所向披靡。
4332,Anime,正因为有了音乐，才有了相遇的瞬间，有了相会的感动，有了相逢的人们，有了邂逅的思念。
3929,Game,回声：寻觅归乡之路，一次一颗子弹
621,Anime,以后继续来一起练习打篮球
710,Anime,我不是天生的王者 但我骨子里流动着不让我低头的血液
4193,Anime,做不到的事没必要勉强去做，不也挺好吗？
4060,Comic,憧憬是距离理解最遥远的感情
813,Novel,"要记住伟大的探知可逆定律:如果你能看到一个低墒世界,那个低嫡世界迟早也能看到你,只是时间问题。所以,什么事情都等别人做是危险的。"
698,Game,种族不代表荣耀，我见过最高尚的兽人，也见过最卑劣的人类。
1409,Anime,不能逃避，不能逃避，不能逃避，不能逃避⋯⋯
1384,Myself,美食之于他们是爱、是救赎、是一切美好及温暖的集合
4529,Game,如果争端能够避免，那我们应当沉默——如果战斗是必须的，那就战斗到最后！
4058,Internet,学生时代的恋爱教会了孩子们怎样以貌取人，在哪里都逃不掉这种烦人的原始社会残余。
4296,Novel,黄粱一梦，山水万重，人间总相逢。
990,Anime,即使想放弃，也没法放弃最想要的东西，这就是人
131,Anime,心，可是很重的。
4120,Novel,飞雪连天射白鹿，笑书神侠倚碧鸳。
467,Other,你需要找出面对明天的力量。
721,Other,"春风得意马蹄疾,一日看尽长安花."
808,Novel,遗憾的是我们生活在两条平行直线永远不会相交的世界里。
373,Myself,你在颓废的时候别人都在努力哦~♪
1194,Other,善恶终有报，天道好轮回。不信抬头看，苍天饶过谁。
4484,Myself,若不爱你，死生无地。若不爱你，青魂可离。
21,Anime,我手中的魔法，是守护挚爱的力量，是坚定这个信念所必须的力量，我一定会拯救你的，无论在何时、何地。
852,Anime,MAKE OUR DREAMS ALIVE
4366,Anime,即使天无雨，我亦留此地。
180,Anime,一般来说，时间会把悲伤冲淡，可是在人的生命中，会有那么一两个特殊的存在，他们的逝去，你永远也不会习惯。
637,Anime,重新再说一次，至今为止，真的谢谢你。 然后，今后也请多指教了。
786,Myself,十年过去了，时间没长大，我却变了。
4136,Internet,寻找比自己更没用的人，沉浸于这样的优越感中。
4582,Comic,天使也好，恶魔也罢，不过是另一个世界的虚幻。现实也好，幻想也罢，不过是自己不敢面对真理的避风港。
1190,Myself,你要乖，要长大，要不负众望。
828,Other,時をまきもどしてみるかい？
591,Novel,“妈妈，我将变成萤火虫。”
1351,Internet, 葡萄的卷须有一点淡淡的甜味。这东西如果腌成咸菜，大概不难吃。
739,Anime,今天的风儿有些喧嚣啊。
4029,Game,那一张张卡牌上，都写满了你的名字，我总是告诉自己，哪一张没有你的名字，我就会忘记你。
4088,Anime,'Cause rainbow won't light up the sky unless you let it rain.
377,Myself,问君能有几多愁？恰似一部新番没看头。
646,Anime,哦~
1400,Anime,欺骗世界，欺骗最初的你。
1071,Novel,只要是亲生父母，除非你去犯罪，否则你干什么他们不支持你呢。
955,Novel,最孤独的人最亲切，受过伤的人总是笑的最灿烂。
297,Game,从一开始，我就不那么喜欢你。
133,Anime,以盐水作配菜，糖水做主食，就有种奢侈的感觉呢。
924,Anime,正因生来一无所有，因此我们能拥有一切。
3625,Anime,旅行唯有出发前最愉快，狗儿唯有叫声最吓人，女人唯有背影最美丽。
1334,Game,未来不是被给予的，而是自己争取的
762,Anime,"为了你,如果是为了你,即使我被困在永远的迷宫中,也没关系."
3706,Myself,哪怕再苦再累我也情愿去背负，请放下我，放我离开。
3854,Novel,忘羡一曲心系君，瀚海百重长相忆。
3852,Novel,义城有三盲，真盲，假盲，心盲。
1103,Anime,那些坚定决心的人们，会展现出好脸色。
3792,Myself,很多事情犹如天气，慢慢热或是渐渐冷，等到惊悟的时候，已过了一季。
103,Anime,我们都在命运之湖上荡舟划桨，波浪起伏着而我们无法逃脱孤航。但是假使我们迷失了方向，波浪将指引我们穿越另一天的曙光。
3973,Game,御剑于心，且听风吟。
673,Internet,开心就好
582,Novel,吾念所归，无惧无退！
744,Novel,这是计划的一部分。
4300,Novel,"I asked him, ""how can a man be brave if he's afraid?"" ""That is the only time a man can be brave,"" he told me."
823,Myself,走路太骚必摔跤，得瑟过劲会闪腰。
406,Internet,忘记一个人，并非不再想起，而是偶尔想起，心中却不再有波澜。
4259,Novel,是非在己，毁誉由人，得失不论。
4360,Internet,穿山甲到底说了什么？
3967,Myself,你是绚烂白昼，也是沉寂黑夜，你是我血液里涌动的色彩，你是那治愈良药，也是那极致痛苦，你是我渴望触摸的唯一
521,Anime,人就是要以自卑为跳板才能跳得更高。
590,Anime,於此漆黑世界之中，直至光明遍地之时！All Hail Lelouch！
1089,Anime,我们会，慢慢长大成人，随着季节的不停变换 路边盛开的鲜花也在不断变化。
689,Game,要邃晓你的处境，凡人！
4235,Game,"每个人都必须找到自己的使命。
"
3914,Novel,喝他喝过的酒，受他受过的伤，种他种过的思追，养他喜欢的兔子，看他看过的小黄书，画他画过的妆。
4414,Internet,前路还很长，我会越来越好，你也不会差。我们各自珍重。
647,Anime,绝对要一起去吃拉面喵~
4385,Other,下次你路过 ，人间已无我。
851,Anime,禁忌算什么！那难道比爱丽丝的命还重要吗？
3586,Internet,"相传胜利者肯定手持正义,那仅是因为正义可以被胜利者定义"
4018,Anime,很抱歉，前面是单行道，你就乖乖的夹着尾巴耸拉着脑袋返回原点吧！
296,Game,我决定以人类的一个方法来感激你，我打算以身相许！
159,Anime,我想让自己强大起来，因为至少我已经有幸和想要保护的人相遇了。
4571,Myself,我喜欢的姑娘，眉如青山。
1362,Other,不管是哪种结果，我都坦然接受。因为无论是哪种结果，这都是一次非凡的旅行。
1341,Anime,"不可结缘,徒增寂寞"
227,Anime,用我的左手将你那个不可理喻的幻想粉碎掉！
597,Anime,喜欢的人喜欢别人不是很正常吗。
3877,Internet,没有音乐，生活是一种遗憾，没有爱心，生命是一种多余
4514,Internet,"The opoosite of depression is not happiness, but vitality."
1010,Anime,也许正义并非太阳，而是如同星星一般的东西，天空中有无数的星星，彼此不断抵消着其他星星的光芒。
3642,Other,gugugugugu
3921,Novel,魏婴，你给我听好！好好护着江澄！死也要护着他！知不知道！
996,Anime,据说之所以有人出现在梦中，是因为对方想见你的心情穿过身体，飞进了你的梦中。
778,Anime,如果你愿意的话，让我带您去吧，这座小镇，愿望实现的地方…
4573,Internet,Dreams don't come for free. 梦想不会平白无故实现。
4066,Other,漫天星光沿途散播，长路尽处有灯火。
623,Anime,风子参上！
822,Other,你看，那个人好像一只狗诶。
4528,Anime,那里还有——医生的房间啊！
1228,Anime,也许一个人的快乐会建立在另一个人或者很多人的痛苦之上。但是，自己种下的祸根终有一天会报应在自己的身上的。
477,Other,我从小就害怕虫子
4050,Myself,我身上早已烙下沉默燃烧后遗留下来的哀愁
1291,Other,相逢尽道休官好，林下何曾见一人。
83,Anime,重要的是无论我们选择哪条路，都要担负起选择的责任。
1263,Other,渔舟唱晚，响穷彭蠡之滨；雁阵惊寒，声断衡阳之浦。
3872,Novel,世间哪有恋爱？压根儿是生殖冲动。
3976,Game,时间不在于你拥有多少，而在于你怎样使用。
1322,Comic,世界上的男人 80%都抱有“她是不是喜欢我？”这样的想法而活 正因为如此 我才需要告诫自己 「永远都不要以为妹子喜欢你」
3707,Other,我从没有爱过这世界，它对我也一样
256,Anime,有时语言就像把利刃，使用不当，就会成为凶器。
4356,Myself,不是我想要放弃，你自己不去珍惜为什么要去怪我？
4279,Myself,未知和恐惧并不是你停下脚步的理由
1231,Anime,空太是笨蛋！
247,Anime,无论在哪里遇到你，我都会喜欢上你。
1030,Anime,总在不停寻觅你的踪影，无论十字路口抑或梦境之中，明知你不在，却依然不停地找寻。
4035,Myself,故事的结局从来不人意！
755,Other,"如果政府不能解决问题, 那它本身就成为问题!"
4475,Myself,我不知道明天会怎么样，但是我一定要努力过好今天。
992,Anime,所谓长大成人，就是不断聚了散，散了又聚。为了让彼此不会受伤害而保持一个适当的距离。
1118,Game,我宁可一开始就不认识那个人，也好过相识以后却要生死离别。
4135,Internet,白天要好好读书，书里有你不知道的；夜晚要好好睡觉，梦里有你想要的 ​。
324,Novel,不会停的雨的确存在，但是撑起伞来就行了，接下来抬起头前进，这样一来，偶尔会出现下着太阳雨的日子，经过阳光的反射闪闪发亮的雨滴，一定非常美丽。
9,Anime,挡着在我们面前的是巨大庞然的人生，阻隔在我们中间的是广阔无际的时间，对于他们，我们无能为力……
279,Comic,一定没有问题的！
4256,Game,归期未如佳期至，巴山夜雨留荒词。
448,Game,人是只要活在世上，就是必须背负某种罪孽的存在，正是这样，人只要活著就总会面对[墙壁]。重要的是要有跨越墙壁的意志。
4022,Myself,请记住，努力不是为了让别人更喜欢你，而是为了让你更喜欢你自己！
306,Game,魔非魔，道非道，善恶在人心。欲非欲，情非情，姻缘由天定。
4345,Other,流水线上的量产品迟早退场 我就做我的孤品随心所欲好了
578,Anime,Eloim Essaim Eloim Essaim 请聆听我的请求。
903,Novel,他们不知道我们是怎样想他们怎样想我们怎样想他们怎样想我们怎样...
1041,Anime,在面对这些强敌之前...一定要先将眼前敌人逐个打败吧。
3994,Other,只有不怕死的人才配活着。
185,Anime,世界这么大，人生这么长，总会有那么一个人，让你想要温柔的对待。
246,Anime,时间可以治愈？如果时间也病了怎么办？
4287,Novel,失去人性，失去很多；失去兽性，失去一切。
1224,Anime,正因为生来什么都没有，因此我们能拥有一切。
988,Anime,"将所有人类当成玩偶的神,本身居然也是个小丑啊。"
983,Anime,忍者的才能不在于所掌握忍术的多少，而在于永不放弃的毅力.笔直向前绝不违背自己的誓言，还有不管何时都不放弃.
4458,Myself,少年，别想了，那个人不是你。
3868,Internet,万事开头难，然后中间难，最后结尾难。
4219,Anime,十代目的意志就是我们的意志！
3708,Myself,即使被人记恨 只要各位安好 抛弃一切便好
1121,Myself,夫君子之行，静以修身，俭以养德，非淡泊无以明志，非宁静无以致远
4477,Novel,对友谊来说，笑声确实是个不错的开端，同时也是最好的结局。
1033,Anime,你受伤的时候，我永远都在。
4170,Anime,我可从来不认为恐惧可以成为舍弃他人的借口，人不能因为恐惧，就连身位人类的品性都丢掉。
1002,Anime,美丽的不是这个世界，而是接受了这个世界的你的眼睛。
640,Anime,凡人、笨蛋！
216,Anime,时间并不存在，存在的只有此刻。
417,Internet,别人说的记在脑袋里，而自己的，则放在心里。
3997,Comic,哪怕这一路上只有苦难和悲伤，只有悔恨和绝望——你也会坚持自己的选择吗？！
3604,Anime,"因为我想活着，我不能掩藏我心中的本欲，正如我心中爱你美丽,又怎能嘴上装四大皆空。"
1088,Anime,这个世界上没有完美的人类，所以，人无法自己一个人活著。
661,Game,那随风飘荡的蒲公英种子，会在什么时候决定自己的命运呢？
975,Other,不诱于誉，不恐于诽。
4593,Anime,我是奥尔加·伊滋卡，几颗子弹不要紧的！
4577,Novel,春复一春，枝头黄莺飞。秋复一秋，城头大雁归。
4092,Game,找到迷失于黑夜的少女，这便是改写你命运的咒语
4486,Other,"Hand down,man down."
784,Anime,会长和往常一样挺着小小的胸部一副自以为了不起的样子套用某本书的内容说道…
183,Anime,我喜欢你们！超喜欢的！大家和我交往吧！绝对会让你们幸福的！
82,Anime,煩い！煩い！煩い！
709,Anime,会起反作用是吧……明明是想保护，却伤害了；明明想要哭泣， 却微笑着。
1280,Novel,我们一路奋战，不是为了改变世界，而是为了不让世界改变我们。
4070,Novel,未老已衰之石，未冷已冻之水，未生已死之身，未灼已化之魂。
4491,Novel,所谓的时间，是不为人的意愿而转移的事物，最是残酷，又最是公平。
3762,Other,昔日我曾苍老，如今风华正茂
4391,Myself,梦想不应被嘲笑，也应该不惧流言！
3898,Novel,度履孤霜千里 凭樽还如对知己 皓月清风长系思与荒城忆
342,Myself,如果你是我该多好，那你就会知道我有多难过，多喜欢你。
144,Anime,正因为听不见和看不到，所以风子才会做这样的事情。
157,Anime,你知道雪为什么是白色的吗？因为她忘记了本来的颜色。
4269,Anime,孤独的我们才有人类的样子。
887,Anime,所谓的奇迹就是要发生之后才会有价值存在的吧
4005,Anime,如果我们能活着出去的话，千山万水，你愿意陪我一起看吗？
1381,Other,人这辈子没法做太多事情，所以每一件都要做到精彩绝伦。
3901,Novel,这颗糖微微发黑，一定不能吃了。被握的太紧，已经有点碎了。
1183,Myself,如果你的眉眼，肯为我停留半分，又怎会不知我情比海深。
933,Internet,"人生充斥着谎言,我又岂能独善其身!"
1355,Internet,春来暑往，秋去冬藏，又是很多年过去了
1212,Myself,即便是一个毫无存在感的影子，也应当寸步不离自己的目标步步前进。
3659,Anime,"人难免伤害别人,也难免受伤,不过,人是不会轻易讨厌别人的."
3645,Other,人是一个事件，它无法判断自己，是好是坏，全都交由他人评判
4419,Other,笑口常开，好彩自然来！
4165,Other,"希望是美好的，也许是人间至善，而美好的事物永不消逝。
"
4421,Game,一剑！一念！
4324,Novel,残花无零，落红无情
600,Anime,或许前路永夜，即便如此我也要前进，因为星光即使微弱也会为我照亮前路。
1372,Comic,和你们这些少爷不同，我们光是活着就竭尽全力了。
1178,Other,分别后的难过都是依赖，无法相拥的人要好好道别
1148,Myself,你说最开心的是你，我说最难过的是你……
3682,Novel,君看双眼色，不语似无忧
4283,Other,生生不息，繁荣昌盛。
4597,Anime,只要能和大家一起唱歌，大概就算毕业以后我们分开了，只要听见这首歌就能回想起现在。
1111,Anime,哭也不会改变什么，这个世界从来不会对任何人温柔。
1050,Anime,"当你决定了要向前迈进的那一刻, 你就已经踏出前进的一步了。"
3728,Anime,"
至少恋爱不是种机会 我认为它是一种意志"
930,Anime,失礼、噛みました
308,Game,一年、两年、三年……十年、百年、千年……即使用永恒的时间来等待，我也想再见你一面。
4606,Game,这个人好弱啊，真的是我们的指挥使吗？
4183,Game,愿人类圣光永存！
181,Anime,懂得认输是非常重要的，不尝到失败的不甘，也就不会明白跌倒后怎么爬起来，更不可能再向前迈进。
141,Anime,失去的东西虽然拿不回来，但是，忘记的事情是可以想起来的。
4185,Novel,试问天上仙人，谁敢来此人间！
1208,Anime,在下雪时。第一次相会时。雪白的夜与漆黑的伞。只要有你在身边。只要你露出微笑。就是幸福。
766,Myself,加油！和你们在一起！
4115,Internet,我们控制，我们收容，我们保护。
3983,Other,可以看起来不伟大却要善良，要尝过时间给过的挫败才能够变得坦然。
4073,Internet,愿人生如剑、立起寒光四射、躺倒四射寒光
311,Novel,控兄是我的个性的同时，也是勋章！
4461,Anime,那么，开始实验吧！
356,Myself,我愿意给你自己所有的快乐，你愿意分担我一半的难过吗？
286,Game,越是锐利的小刀切完东西后就越容易变钝。
1084,Other,人不是靠做出来的 而是靠活出来的。
4563,Anime,"痴情的妖怪啊,请再等一世吧。"
1132,Myself,何其有幸，我们相遇。
402,Internet,H什么的最讨厌了！
1207,Anime,听说，樱花花瓣飘落的速度，是每秒5厘米，思念的距离到底有多远。如果樱花下落时是有声音的，你会不会听到我对你的思念
424,Internet,有一种无奈叫做，你明明是只候鸟，却喜欢上只能给你冬天的人。
3631,Internet,永远相信美好的事情，即将发生
706,Anime,有些事情我不看透，不是我太笨，只是我太善良。
1086,Anime,己所欲者，杀而夺之，亦同天赐
942,Anime,就算是自私…我也希望那些人能够永远都有笑容…
4036,Other,你的故事很长，如果能由我来收尾就好了。
1229,Anime,何必去在意自己与别人相比是否特别呢？即便只有一个人也好。只要有一个认为自己特别的人，我觉得那就足够了。
1271,Anime,打架这玩意，不就是为了守护什么东西吗？	
4544,Myself,爱是等待，是细水长流。
4317,Other,还没开始，就已经结束了吗……
4459,Other,白马入芦花，银碗里盛雪。
1251,Anime,What about super-ultra-extreme-awesomazing?
376,Myself,没有动漫的世界，就是没有的光明的大地！
3606,Novel,当恶梦展开，所有的一切都开始失序了。人类，可以为了所爱的人，变成天使，也可以为了所爱的人，变成魔鬼。这个世界上，所有的事物都是相对应的，有人得到，就代表有人会失去
565,Anime,我手里拿着刀，没法抱你，我放下刀，没法保护你！
1054,Anime,在弱者眼里可能是这样，不过，我的确很强。
3826,Novel,理智不是一个统计学概念。
210,Anime,我的愿望是—幸福地活着，幸福地死去。
4353,Myself,来去无常，得过且过
4312,Other,科学就是去确定未知的事物
1388,Anime,倘若只是为了驱赶心中的寂寞，找谁都可以的。
3712,Myself,一个人有多热心，他就会感到有多寒冷
4023,Internet,善与恶逆转的瞬间，便是奇迹
4478,Internet,我只愿你们活着，为你们接风洗尘，带你们俯瞰星空，与你们共舞红尘。 我只愿你们活着。
449,Internet,喜欢大胸只是本能，喜欢贫乳才是审美。
3767,Novel,天不生我李淳罡，剑道万古长如夜。
3616,Internet,有些人坐飞机就能见到，有些人坐时光机才可以。
396,Internet,成熟不是人的心变老，是泪在打转还能微笑。
293,Game,如果我会变成恶魔，那就随他吧。我会接受放逐，一切只为了保护她。
4460,Other,如果最开始我没欺骗你，我们会怎样？
1022,Internet,父亲永远都是不善于表达他的爱，但他总是会默默地用行动告诉我们，他是有多么的爱我们。
1324,Anime,善于破坏气氛的人，不仅能破坏好的气氛，其实也能把坏的气氛破坏掉。
4306,Myself,我愿将歌化作风，聆听朗朗的春声。
4086,Other,他不是一个人在战斗！
4199,Novel,小地瓜，我找到你了。
534,Anime,“把剑放下，成为本王的妻子吧。”
3693,Anime,"我想成为一个温柔的人,因为曾被温柔的人那样对待,深深了解那种被温柔相待的感觉。"
715,Myself,枯燥的太阳因你而变的温暖，脆弱的心灵因你而变的坚强。
1312,Internet,时间是世上最快的一把杀人刀，无论你是万世将种，还是绝世美人，到头来都逃不过这把刀的索命。枯骨荒冢，有谁还记得你生前的模样是丑是美。
3598,Novel,我要这天，再遮不住我眼，要这地，再埋不了我心，要这众生，都明白我意，要那诸佛，都烟消云散!
48,Anime,一个人吃饭，太寂寞了。
841,Internet,不论生死，好坏，对错；只要载入史册那就代表胜利——历史由胜者书写
58,Anime,仍是那么熟悉的味道，只是用墓土和骨灰作成的身体，已经不再有体温。
4472,Game,就算我们知道了彼此总有一天会分别，现在的时光，也绝不是没有意义的。
4026,Myself,误会，不是始于说出的话。而且从“言行”本身开始，就已经在发生了
586,Novel,凛冬将至
4272,Other,纵是年少风流可入画，却也自成风骨难笔拓。
3741,Novel,天要你走，我要你留
28,Anime,世界上没有一个人能代替另一个人。
690,Game,我……败……了……
714,Anime,一定要保护自己的梦想，即使牺牲一切。
4445,Internet,有幽默感的人，永远都不会默默无闻。
155,Anime,羁绊是那不可切断的深切联系。即使分离，心与心也紧紧的连在一起。
585,Novel,凡人皆有一死，凡人皆需供奉。
624,Anime,男生送的礼物要方便拿来换钱才好吧！
1219,Anime,好了 接下来就让你们见识一下程序员的本事
1102,Myself,为什么我明明什么坏事都没有做，却要被那样看待？
3924,Myself,人生四然：来是偶然，去是必然，尽其当然，顺其自然 ...
3855,Novel,为遇一人而入红尘，人去我亦去，此生不留尘。
4160,Novel,失去人性，失去很多；失去兽性，失去一切。
3600,Novel,这个天地，我来过，我奋战过，我深爱过，我不在乎结局。
4055,Other,突然觉得人生正面得不行，彻底变成大人了。
4301,Novel,一切都将逝去，唯有死神永生。
4407,Myself,我们执着于模糊的现在，迷茫于陌生的未来，却从未曾发觉，耳边那一阵灿烂的微风。
4189,Internet,无论在多不幸的状况下，只要相信自己是幸福的，就能得到幸福。
4214,Internet,我想去天涯，你却带我去海角。
3831,Internet,厚道的人 运气都不会太差
179,Anime,我在未来等你。
3626,Internet,这不是神经病，是理想
801,Other,一个人有一个故事，别让你的故事留白。
422,Internet,低头不是认输，是要看清自己的路；昂头不是骄傲，是要看清自己的天空。
394,Internet,天空本是一种风景，可是遇见你之后，它变成了一种心情。
1303,Novel,"你最可爱,我说时来不及思索,但思索过后,还是这样说"
3995,Game,英雄，愿你有一份不悔的爱情！
1107,Other,守住一方平安，尽力而为，问心无愧就好。
17,Anime,或许只需一滴露水，便能守护这绽放的花朵。
4131,Myself,别人走在拼命赚钱，而我赚不到，我感觉我和这个世界格格不入
4123,Other,好男儿胸怀像大海
3656,Game,"I solemnly swear, to devote my life and abilities, in defense of the United Nations of Earth, to defend the constitution of man, and to further the universal rights of all sentient life, from the depths of the Pacific, to the edge of the galaxy, for as lo"
962,Comic,我和你，可以做朋友吗？
620,Anime,龙儿是我的！谁都不准碰！
147,Anime,人能够在心里郁积那么多的事情，而他们又会忘记那么多的事情，真是不可思议……
242,Anime,嗯，一个人也要加油，我是坚强的孩子。
875,Other,Sunny day Wow! Song power!
3695,Internet,活着努力干，死了无遗憾！
4012,Anime,有些景色必须前进才能看到，那么只有勇往直前。
472,Other,我们一路奋战，不是为了改变世界，而是为了不让世界改变我们。
4448,Game,明天会吹拂着明天的风。
1025,Novel,希望你可以记住我，记住我这样活过，这样在你身边呆过。
670,Other,一进，一跳！
4553,Other,不要想着有一份稳定的工作，而是有让生活稳定的本事。
349,Myself,自己永远是孤单的，但你可以让其他人变得不孤单。
4390,Novel,弱小和无知从来就不是一个文明毁灭的原因，傲慢才是。
4637,Anime,别人的看法都是狗屁，你是谁只有你自己说了才算，这是爹教我的道理。
4633,Internet,自立自主总胜过俯首为奴！
3907,Novel,我见诸君多有病，料诸君见我、应如是。
3778,Internet,我的每一个动作都有你的印记
666,Internet,我只是五行缺驱动程序，别说我怠惰。
964,Novel,我是个偶尔会发疯的人啊！
4507,Other,I AK IOI
117,Anime,知道活着的痛苦处的人就能对人温柔，这和软弱是不一样的。
1130,Novel,书是好东西啊，打开时能触动心灵，合上时能触动敌人的脑袋，这样好的东西真是令人喜欢啊
1394,Anime,懂得认输是非常重要的，不尝到失败的不甘，也就不会明白跌倒后怎么爬起来，更不可能再向前迈进。
4431,Game,梦比现实更易侵蚀人的精神，刻意准备的梦是危险的。
4363,Novel,也许正义会迟到，但它永远不会缺席！
1279,Novel,只有坦然接受命运的不公，才能安然享受生命的平等。
574,Novel,弱小和无知，都不是生存的障碍，傲慢才是。
3970,Game,南天寂静亮星少，北落师门赛明灯
3987,Internet,最令人伤心的事就是你发现自己已经做不好那件你曾经很擅长的事了。
1160,Anime,正是在对未来没有任何希望的时候，一个人能坚持到什么地步，才真正体现出这个人有多坚强。
3789,Myself,"为什么要难过,一直微笑就好啦"
3668,Novel,怎样都好，只要能让他们发笑就好。
934,Game,让留下的人，笑着活下去
137,Anime,只要微笑就可以了。
16,Anime,我没有梦想，但是我能保护！
4516,Myself,落座无言行三载，持笔无悔笑苍生！
273,Anime,Time waits for no one.
659,Anime,我，将某个人，唯一的某个人，试图锁定。我，
3895,Novel,傲骨几锉尽 惟立仇心 十方雷霆乍起 振紫衣
1245,Game,"电脑高手,哈哈哈哈哈,你这嘴里蹦的都是几几年的形容词啊"
694,Game,"颤抖吧,凡人！"
3641,Anime,人生没有彩排，只有现场直播，所以做最好的自己。
4368,Other,如果你给别人讲解程序时，看到对方点头了，那你就拍他一下，他肯定睡觉了。
3848,Novel,前尘种种，似烟似幻，惟有此人教我深感不负大好春光。
588,Novel,“斩尽杀绝，这是对一个文明最高的重视。”
413,Internet,既然认准这条路，何必去打听要走多久。
4440,Novel,如果一朵花很美，那么有时我会不由自主地想到：“要活下去！”
1199,Anime,只要是正义的一方，无论手段多么卑鄙都可以被原谅
462,Internet,只要一息尚存，就还有希望。
7,Anime,恋ではなく、爱でもなく、もっとずっと 深く重い。
3936,Myself,我追着你，因为我爱你
631,Game,能够实现愿望的樱花树啊，为什么不能满足这些孩子们如此真诚的要求呢？
4602,Novel,追求得到之日即其终止之日，寻觅的过程亦即失去的过程。
776,Other,"斜晖脉脉水悠悠,肠断白频洲."
681,Game,关门，放狗！
501,Other,知人者智，自知者明。
1260,Other,工业革命的火种燃起的那一刻，半个天空的星辰都熄灭了。
959,Novel,大人是不会作梦的。大人呀，是会实现梦想的。
4255,Other,轻关易道，通商宽农。
1363,Myself,不需要逃避，也不必看轻自己，接受自己的不完美，更加努力，凡是打不倒你的都会让你变得更加坚强。
418,Internet,想你想到手都断了…
4533,Myself,忘了我吧，我都忘了
1367,Other,Dream big and dare to fail.勇敢追梦、无惧失败。
1383,Novel,宇宙很大，生活更大也许以后有缘再相见
3951,Myself,你特殊的遭遇并不是你可以特殊的理由
4102,Anime,古往传奇多少别离，我 只是不经意 遇到了你
3721,Myself,是我不该如此，抱歉，怪我太矫情。
4583,Myself,"你不得不承认，你自以为那些跟你关系很好的人，他们都有关系比你更好的朋友，而你没有
"
844,Novel,愿人们的爱恨为你加冕
1346,Internet,"那些哭着喊着要走的人从来不会真的离开,真的要离开的人会挑一个风和日丽的下午,披一件大衣,不知不觉地消失"
4292,Novel,一切都将逝去，只有死神永生。
294,Game,无论发生什么，都请不要后悔与我的相遇……
4586,Myself,愿字起于心头 转瞬又死于心间
243,Anime,时间带着明显的恶意，缓缓在我的头顶流逝。
4059,Anime,如果我是雨的话，也能像连接那永远都不将交汇的天空和大地一样，去连接某个人的心吗。
4393,Other,花火みたいな綺麗な人になれば 良かったかな
3959,Other,梦与现实是不同的。所以才能够为了把梦变成现实而努力。
1062,Anime,活着本身就是一种价值，因为还有明天。
4072,Other,相逢开口笑，过后不思量。
3822,Myself,该来的回忆总令人回味。不该来的，迟早逝去。
3949,Anime,神啊 我的人生到底为何而存在呢
230,Anime,人们只是用好人来称呼对自己有用的人而以，不存在对所有人都有用的人。
3813,Internet,"模拟只会猜题意,贪心只能过样例。数学上来先打表,DP一般看规律。组合数学靠运气,计算几何瞎暴力。图论一顿套模板,数论只会GCD。"
4298,Myself,破解版的“爱情”APP，有吗？
3714,Other,别紧张，我又不是什么好人。
264,Anime,败者死于绝望，胜者死于渴望。
496,Other,己所不欲，勿施于人。
3607,Internet,他能给的，你付不起！
707,Internet,值得获取的东西，就在风险的彼岸。
1095,Anime,如果你一个人把什么都做完了，那我做什么？
817,Other,不要跟过去的自己比，要期待未来的自己，珍爱现在的自己。
111,Anime,悲伤教会了我喜悦。
4037,Myself,只要我喝的够多，寂寞就侵蚀不了我
727,Anime,润滑油是用来防止磨损的东西。在心中有着润滑油也会活得更加轻松吧。
750,Anime,不逆 不耻 不憾
4400,Myself,前进路上的阴影，来自身后的光明。
936,Myself,你的电脑，我的权限；你的命运，由我做主。
997,Anime,好梦向来易醒。
4054,Internet,为什么你宁愿吃生活上的苦 而不愿意吃学习上的苦？
1376,Novel,无论发生什么事情，哪怕是一个人成了一个没有了灵魂的躯体，那另一个人也还是要努力地工作下去。
3957,Internet,谁能让我开心，我就喜欢谁
3664,Game,身为蝼蚁的你，真的很努力呢。
4168,Anime,人生没有那么多的捷径，你不知道路的尽头是什么，但你必须向前走。
1188,Myself,宣纸泛黄，时间流逝，即使眨眼即过，也要抓住那瞬间的辉煌。
4552,Internet,大多数人高估了他们一天能做的事，但低估了他们一年能做的事。
3758,Internet,人生最好的三种状态：不期而遇、不言而喻、不药而愈——乃一俗人
1215,Myself,"错过了就错过了,再追回来天色也不对。"
37,Anime,无法飞翔的翅膀也是有意义的，因为它是曾经翱翔于天空所留下的珍贵回忆。
488,Anime,淅淅沥沥的雨，即便能填满路上的水坑，也填不满心中的空洞。
3896,Novel,清风策萍影 远夜如移 纵入冥泥 明镜仍为寄
3934,Internet,童话只美在真实却从不续写。
4380,Anime,每一个兔子都有一个大国梦
4169,Anime,一个人决定寂寞，和另一个人相互依偎又有什么错
341,Myself,只有破碎的心才有伤人的棱角。
830,Myself,每一个人都应该明确自己的方向和位置。
4355,Internet,梦终于醒了啊，期盼他日我们再萍水相逢吧。
348,Myself,宅，是一种生活状态；死宅，是一种人生境界……
4468,Anime,喜欢上一个人就是变得束手无策。
785,Myself,相互间的抚慰根本没必要只要你还存在着就足够
1382,Internet,承诺常常很像蝴蝶，美丽的盘旋后就不见了。
1392,Anime,比希望更炙热，比绝望更深邃，这就是爱啊。
892,Other,如果我们就这样死在山里面 他们会不会说我们是殉情
239,Anime,窃人者，自失其宝。
3630,Novel,"After all,tomorrow is another day!"
1159,Internet,人的欲望永无止境，就像我一开始，也只是想知道你的名字。
741,Anime,命运的红线一旦断了，就再也不会接上。
129,Anime,一天吐槽太多次的话，梗也是会用完的。
112,Anime,我到底要以怎么样的速度生活才能与你再次相遇？
1233,Novel,目的虽有，却无路可循；我们称之为路的，无非是踌躇。
812,Anime,将愿望倾入不愿忘却的回忆中…
603,Novel,生命从无中来，到无中去，每个人都处于“上场——谢幕”这样一个循环中。这个循环不是悲伤，不是无意义，意义就在这过程中;生命之所以有趣，就在于过程中的体验和收获。
4401,Anime,那么难受，那么痛苦，可是 世界这么美丽...让我如何能够忘记！
3953,Internet,虽然我们每个人都是宇宙中微不足道的尘埃，但可能是彼此眼中最亮的星。
3705,Internet,"我有两个苹果，有个人问我要一个，我不给，于是很多人凑过来说你不是还有一个苹果吗，怎么这么小气啊。
可是，苹果都是我的呀。"
3904,Novel,我薛洋，晓天地，晓人心，但终究不晓星尘。
149,Anime,人一生会遇到约2920万人，两个人相爱的概率是0.000049。所以你不爱我，我不怪你。
4594,Anime,死亡的尽头，没有神
742,Comic,人类总是将世界缩小在自己浅薄的知识范围之内，总是把超越自己理解能力的事物当成威胁自己立场的敌人来对待，非得排斥、驱除、抹杀不可……可是对于同种族的生物，又以肤色、出身来划分阶级贵贱，相互憎恨，相互残杀。
737,Other,就算这全世界 都将与你为敌 我也会守护你 所以你只需要在那微笑就好
3888,Myself,卑屈游戏谁是先该离场的呢？
3900,Novel,忘羡一曲远，曲终人不散。
4508,Novel,风啊，你还要吹到何时......
4230,Other,报君黄金台上意，提携玉龙为君死。
799,Anime,叶え！私たちの夢ー。
4075,Other,"眼见他起高楼,眼见他宴宾客,眼见他楼塌了!"
599,Novel,生命的本质就是在关系中寻找自己，并成为真正的自己;在关系中寻找爱，并成为爱。
389,Internet,以前高中时，羡慕大学考试只要及格就行；现在大学了，怀念高中考试及不及格都行……
270,Anime,算了，和你说话感觉就像是大姨妈来了。
495,Other,工欲善其事，必先利其器。
651,Anime,描线一笔接一笔，白色的素描本上渐渐萌生黑意。即便如此，还无法照准记忆中的风景。
3697,Anime,我喜欢的人…也能喜欢上自己，我认为这就是奇迹。
1005,Anime,舞台上演员不能无视剧本随便演，华丽地退场才是完成使命。
986,Myself,人心是件奇妙的东西，大部分的时候，总是愉快而又平静的生活着。
314,Novel,会长和往常一样挺着小小的胸部一副自以为了不起的样子套用某本书的内容说道……
660,Anime,散落至四方。又或是升起至四方。在无法确认这一事实的浮游感中，彗星耀辉在夜空。彗星裂开，碎片落下。
3803,Internet,impossible的完整形式是i'm possible
4603,Myself,愿将来的你，路无险阻，前途有光，每一个明天都熠熠生辉，充满希望。
938,Anime,超频链接
536,Anime,即使你忘记了我，我也不会遗忘你。
874,Anime,是你赢了...哲...
3871,Anime,卧龙低伏，入我阵来。
4245,Novel,把海弄干的鱼在海干前上了陆地，从一片黑暗森林奔向另一片黑暗森林。
167,Anime,不相信自己的人，连努力的价值都没有。
1156,Myself,不管明天会发生什么，请牢记住今天。
3747,Anime,如果，樱花掉落的速度是每秒5厘米，那么两颗心需要多久才能靠近？
4129,Anime,世界上所有的不利情况都是因为当事者的能力不足造成的
836,Anime,如果幸福有形状，该是什么样的呢？它就像玻璃，因为平时察觉不到它的存在，而它却时时在我们身边，最有力的证据就是，只要换一个角度，它就会折射出耀眼的光芒，比谁都过分强调自我的存在。
259,Internet,用番茄Lu过…比香蕉好←那是你没领悟到香蕉的正确用法
4389,Novel,师哥，玫瑰到了花期，我很想你。
4381,Myself,又苦又甜，也挺好嘛，很像生活
500,Other,信言不美，美言不信。
435,Internet,二次元什么的我本来是不感冒的，直到我的膝盖中了一箭。
86,Anime,如果我拥有如同小狗一样的尾巴的话，肯定会高兴得遮掩不住地摇来摇去吧。
4031,Novel,"仿佛这一瞬间，火光也照亮了他同驹子共同度过的岁月。这当中也充满一种说不出的苦痛和悲哀。
"
995,Anime,即使作为代价要夺走我什么，即使接下来等待我的是什么，即使那样，我无论如何都不想失去他。
862,Game,我就这样从《圣经》偷出些断章残句，来掩饰我的赤裸裸的罪行。外表上装做圣徒，暗地里是八卦心肠。
193,Anime,就算是自私……我也希望那些人能够永远都有笑容……
378,Myself,哼！悔改吧，你们这群死宅，人家可是身价四千万的大小姐。
4446,Novel,已识乾坤大，犹怜草木青。
683,Game,正在上课！
4233,Myself,即使这一切如此虚假，那又如何？
1021,Other,有一天我变老了，不知道你会不会像现在这么照顾我。
4106,Anime,我今天就要带她走，我看谁敢拦我！
4117,Game,My honor left a long time ago. 吾之荣耀，离别已久。
292,Game,这是眼泪吗？原来眼泪是这么的温暖，我一直以为，哀伤的东西都是冰冷的。
3925,Game,我为打破你周遭的囚墙而来，览尽世界，为你沉沦。
4099,Comic,不要太小看人类了！
4541,Internet,爱永远不是在乎，而是正确的表达。
4634,Anime,用决斗......给大家......带来笑容......
4396,Game,纵使疾风起，皇族不言弃。
3765,Novel,我很累，想停下了。就让我停下吧。
3979,Game,我于杀戮之中盛放，亦如黎明中的花朵。
372,Myself,在回忆里留下微笑是为了不让你哭泣...
3588,Myself,我卸掉眼鏡，世界全是朦朧美！
409,Internet,你制定的计划是.txt还是.exe?
4423,Other,人生若只如初见，何事秋风悲画扇。
571,Novel,死亡过于绝对，而活着，则有无限的可能。
300,Game,人总是会变的，不要害怕改变哦。
860,Myself,有一些情感，没办法辜负它。
3609,Other,菩提本无树，明镜亦非台，本来无一物，何处惹尘埃。
3943,Myself,小时候，我妈说我的手指长，将来能当钢琴家，然后我成了码农
4194,Myself,梦，随时生，随实灭。
1039,Internet,不管对什么事情都不能有先入为主的观念。
81,Anime,选择道路的时候怎么犹豫都没有关系，但决定之后就一定要坚持到底！
1401,Other,与众不同的生活方式很累人呢，因为找不到借口。
763,Anime,我不渴望什么在别的城市迎来的春天，只要和你在一起的春天就好，只要和你在一起就好…
3649,Game,时螶以爱吻我，我当回报以歌。
3916,Novel,只羡忘羡不羡仙，说是天天就天天
671,Other,夏天！泳装！并且……欢跃而起！！
888,Anime,笑是对身边的事物感到一瞬间的幸福而表现出来的东西。
4150,Novel,即使被关在果壳之中，我仍自以为是无限宇宙之王。
1106,Internet,我房间里堆满了情人节礼物， 我不是高富帅， 我只是个懒惰的快递员。
4143,Myself,守口如瓶，包括对自己。这是一种美德。
1035,Comic,那天，我听到了种子破土的声音，又细微又坚定。
789,Anime,我觉得只要这样继续加油，总有一天能赶上他们的。
321,Novel,用我一生，换你十年天真无邪。
530,Game,"绚烂如繁樱，瞬息绽放后凋落。 花以香为证，曾美至惊心动魄。
"
4341,Anime,用我那牵强的微笑，活出无人能比的骄傲。
4125,Anime,追寻只是因为无法抓获，想要触碰，只是因为知道自己触碰不到。
429,Internet,我的小伙伴们都惊呆了！
606,Anime,谢谢你至今为止都容忍我的任性，我是你的妹妹真的太好了。
4576,Other,欲戴王冠，必承其重。
4556,Myself,只要你在我们心里，你就不会死。
3585,Other,我永远在这里，涌着爱面朝沧海
4469,Anime,所谓人，无论是谁到了最后，都会形单影只。
4206,Other,参差荇菜，左右芼之。窈窕淑女，钟鼓乐之。
1308,Internet,"要想飞得高,就该把地平线忘掉"
3736,Anime,“不管你我相距多远，我都想告诉你 我对你的心意不会变，给即将去到陌生城市的你 ，我永远喜欢你”
3817,Other,远远地看，它就像一根孤独的琴弦紧绷在原野上，任凭风雨和岁月的弹拨。
4480,Novel,所有坚硬冰冷的东西都会永远坚硬冰冷下去，而所有柔软温暖的东西只有眼下才会柔软温暖。
4522,Anime,等着我，有马，不对，别回头，向前进，你要一直向前，我一定会追上来的。
1223,Anime,我只希望，我喜欢的人可以健康的活着。
3590,Myself,一个悲伤的故事，第二支冰激凌半价
4284,Myself,在地球75亿人内与你相遇是多么幸福啊。
452,Internet,胸部的大小并没有关系，重要的是存在于那里的温暖。
935,Comic,其实美丽的故事都是没有结局的，只因为它没有结局所以才会美丽。
77,Anime,下一次重逢，将是何年何月？天空必将见证。
4068,Myself,重逢大都是暖心的，时隔多年，偌大的城市，人海茫茫，我已不复当初，你却仍然，温暖如故
200,Anime,爱迪生说过：“要把BOSS打倒就要准备足够的等级。”
1127,Game,El psy congroo!
3610,Other,身是菩提树，心如明镜台，时时勤拂拭，勿使惹尘埃。
4302,Other,征服可能会受挫，但好奇从未停息。
726,Anime,男人至死都是少年
3881,Internet,世界上最美丽的就是世界本身
281,Comic,你为了你的正义，我为了我的正义。
4122,Myself,The more you learn the less you will feel you know.
150,Anime,我的内心就和厕纸一样单纯！
1092,Internet,梦想不会逃跑，会逃跑的只有人
119,Anime,如果你执意追寻着我的幻影，总有一天会被真正的我打败。
4274,Other,"forget-me-not，Ash to ash, dust to dust，どうか忘れないで"
3644,Other,只要有人追忆，往事就不必如烟。
4525,Novel,愿我有生之年，得见您君临天下。
3752,Anime,幸福的回忆，美满的回忆不一定会成为救赎，有时候，回忆越是美满便越痛苦，也有时候，会越害怕，无论是对于将要离开的人来说，还是对于被留下的人来说，都不可能会成为一种救赎。
4027,Myself,你不会独属于我，但我心中有你的专属位置。
3962,Comic,我命令你，喜欢我！
4116,Game,Death is like the wind; always by my side. 死亡如风，常伴吾身。
1138,Internet,输了你，赢了这个世界也没意义
38,Anime,勇气，就是即便害怕也会去做。
973,Internet,就算路不坦荡也要做自己的太阳。
3866,Anime,龙儿是我的，谁都不许碰。
161,Anime,一天最大任务莫过于，好好睡觉，好好醒来。
134,Anime,就算鼻血流尽，也不能放弃妄想。
1195,Internet,一瓶250ml的吊水，一共是3111滴。
602,Anime,迎接我们的也许是漆黑一片的夜路，即便如此，也要相信自己，勇往直前。 星空会为我们在这条道路上点缀出淡淡星光。
3636,Anime,连我爸都没打过我
1301,Other,你说一声，我也默认，我们在这月光下十指生根。
3624,Anime,所谓爱情，是对对自己最重要的人，以慈悲的心保护他的想法。
108,Anime,能够原谅女人的，才是男人。
4079,Anime,你还是...笑起来...最棒了
1173,Anime,你已经不是我的狗了。
326,Novel,生我何用？不能欢笑。灭我何用？不减狂骄。
546,Anime,春天是胖次的季节。
327,Novel,要让一群人团结起来，需要的不是英明的领导，而是共同的敌人。
4372,Myself,希望只在一瞬之间，而黑暗，永恒。
1240,Anime,不可结缘
704,Other,浅情终似，行云无定，犹到梦魂中。
976,Internet,如果英雄联盟有停服的那一天，我会用寒冰射手在打一局简单人机，因为从哪里开始就从哪里结束。
80,Anime,比自己，比梦想更重要的东西永远都存在着...
4635,Other,爱你所爱，行你所行，听从你心，无问西东。
4519,Anime,我拼命地挣扎，我对活下去的执著，都是因为你，是你让我，对和你一起度过的那段时光无比留恋。
252,Anime,燃烧吧，我的小宇宙！
4173,Internet,你眼中的星海灿烂 是我不曾见过的世外桃源
968,Other,好目睫之利者，利在害中而不弃；好终身之利者，利在目睫而不为。
4399,Novel,我爱你，可跟你又有什么关系？
299,Game,要超越过去与悲伤，用坚强和笑容去开拓明天。
1115,Novel,他们只是想保护自己的灵魂，结果，雪穗从不以真面目示人，亮司则至今仍在黑暗的通风管中徘徊。
947,Other,我已经倾尽所有了， 如果这次还不成功， 我就真的一无所有了， 到时候我会放弃， 我不会再固执了~
4364,Novel,手握日月摘星辰，世间无我这般人
816,Novel,"十年前,你爱我,我逃避不见,十年后,我爱你,你不在身边."
3753,Internet,大的目标，需要小的目标作铺垫，大的目标需要分割成几段一个一个去实现。
4574,Internet,书上说，如果有一天你梦见了一个很久没见的人，代表他/她正在遗忘你。
3673,Myself,现在得到的将来定将十倍失去
202,Anime,我们的心就像那天空一样，永不分离。
88,Anime,你不会死的，因为我会保护你.
1077,Anime,必须洗净一切往事，否则你永远无法清楚自由地看这个世界
4404,Anime,知识是很美的，它们可以让你不出家门就了解这世上的许多事。
1116,Anime,我在时光斑驳深处，聆听到花开的声音。
371,Myself,为毛我的眼里常含泪水，因为我老是中枪。
4020,Myself,路这么窄，好难过啊！
165,Anime,十步做一死，千里不留行，事了拂衣去，深藏功与名~
1317,Myself,异地恋是，尝过欣喜若狂，也知道失魂落魄。
1270,Other,鹤汀凫渚，穷岛屿之萦回；桂殿兰宫，即冈峦之体势。
939,Other,坐亦禅，行亦禅，一花一世界，一叶一如来，春来花自青，秋至叶飘零，无穷般若心自在，语默动静体自然。
1001,Anime,人只会看到自己想看到的、听到自己想听到的，我也并不例外。
4636,Myself,你怎么这么奇奇怪怪怪。。怪可爱的
3783,Anime,我们的哀伤和年龄是没有关系的。
4494,Anime,人生海海，敢死不叫勇气，活着才需要勇气。
4155,Game,流淌的命运之河的终点，也许在这一刻就被决定好了。
4153,Novel,昨夜小寐，忽疑君到，却是琉璃火，未央天。
1396,Anime,就算是自私⋯⋯我也希望那些人能够永远都有笑容⋯⋯
4454,Myself,如果没有见过光明，我本可以忍受黑暗
4174,Novel,是你的就好好抓住，不是你的就不要多想。 天底下没谁是欠你的，但是你欠了别人，就别不当回事。
168,Anime,我只对现实世界绝望过，却未对自己绝望过！
1072,Other,大丈夫立世无所畏惧。
1114,Anime,因为等待的越久，重逢时就越幸福啊。
295,Game,生尽欢，死无憾。
1243,Novel,怎样都好，只要能让他们发笑就好。
832,Novel,"你认为是自己的错误毁灭了太阳系那是很可笑的,这样想实在是太自命不凡了,就像你在地面上做一个倒立,就认为自己举起了地球一样。"
4011,Anime,你们这些天才止步不前的时候，我会走得更远。
4231,Game,当你手里有锤子，那么敌人就是钉子。
1200,Comic,人在遇到才能时抱有的感情有三个，『感叹』 『恐怖』还有『嫉妒』
4555,Internet,数学期望小到渺茫又如何呢，哪怕结果不如人愿，也要在尘埃落定前奋起一搏。
904,Other,一念愚即般若绝，一念智即般若生。
123,Anime,世界は恋に落ちている。
248,Anime,取少量学生放入试管，加入过量作业，生成学霸溶液和不溶于水的学渣。过滤，在学渣中加入过量浓试卷，学渣迅速溶解且产生气泡，学霸则无明显现象。
455,Internet,当世界背叛你的那天到来时，我会为你背叛全世界。
4531,Game,于此——聆听吧！汝之晚钟已然敲响！
4187,Novel,我们固然拥有可以将我们自身嵌入其中的我们的人生这一运行系统，但这一系统同时也规定了我们自身。
213,Anime,隐约雷鸣，阴霾天空，但盼风雨来，能留你在此。
4205,Other,参差荇菜，左右采之。窈窕淑女，琴瑟友之。
517,Anime,曾经发生过的事情不可能忘记，只不过是想不起而已。
1272,Internet,一懒众衫小
1269,Other,不知横跨几度银河，才终于在尽头与你相遇
4156,Novel,命运啊，说是注定，不如说是你忘了是在何时做了选择。
291,Game,这一路上有你的陪伴，我不再孤单。
4384,Anime,乘上与平时相反的列车，为了去见从未见过的风景。
1133,Anime,你指尖跳动的电光，是我此生不变的信仰
4323,Novel,最阴险的敌人往往都站在最光明的角落里。
1189,Internet,忘羡一曲远，曲终人不散
4095,Game,在凄惨的处境中回忆幸福，是世间最大的痛苦
886,Other,"牺牲基本自由来换取暂时的安全, 最后既得不到安全也得不到自由!"
3743,Game,狂战似魔，深谋如鬼
169,Anime,虚伪的眼泪，会伤害别人，虚伪的笑容，会伤害自己。
806,Other,你的笑容怡人如晚霞般，在川流不息的时光中，神采飞扬。
4417,Novel,受到乌托邦声音的诱惑，他们拼命地挤进天堂的大门，但当大门在身后砰然关上时，他们发现自己是在地狱里。
987,Anime,正气和狂气，理性和知性，自信和确信，在悲剧性的不合理世界，故事开始了。
3618,Anime,出来吧，刻刻帝！
524,Anime,真正重要的东西，总是没有的人比拥有的人清楚。
392,Internet,那种亲密的人突然陌生，希望完全落空的感觉，就好像喝口凉水居然被烫到。
1057,Novel,真正的惩罚是会留在心和记忆里面的。
4142,Myself,你能留给岁月的，岁月能留给你的，除了一个最好的自己，别无他物。
3919,Novel,灵气也是气，怨气也是气，怨气为何不能为人所用啊？
855,Anime,知道人的眼睛为什么长在前面吗？那是因为如果想看到远处的风景的话，就只能向前前进。
1177,Internet,我想和你见面，地点你选。森林，沙漠，夜晚依稀的湖畔。草原，大海，清晨薄雾的借口。只是，别在梦里。
3749,Other,永远相信美好的事情即将发生
4091,Game,一场宴会上喝掉的酒，应该与流出的血一样多
720,Internet,"我不要你忘记他 , 我只要你记得我"
444,Internet,患了中二病，等于有了一种信仰。
560,Anime,世间本就没有真实的对与错，也没有绝对的善与恶。地狱天堂，一念之间。
1311,Novel,流浪汉最受不了的或许不是吃不饱喝不足，而是他们终日终年的沉默。人们会赏他们一两个角子，但从来不赏个面子站下脚，听他们说句话
4083,Other,凡是属于幻觉的东西，过了第一座铁路桥便会消失；凡是实现不了的事物，都会在桦木十字架下被忘记。
4163,Myself,自命不凡者，脑中被其所知的少数事物所占据，以致没有空间去容纳无数其所不知的事物。
188,Anime,重要的不是你做了多少事，而是你放了多少心思进去。
36,Anime,魔装少女就是本少爷！
3964,Comic,身为魔物，难道就没生存的价值了吗？是谁给了人类如此傲慢的资格......
4518,Anime,痛苦着痛苦着，满脑子只能想我的事。
1407,Anime,不管看到什么样的过去，都请不要迷失自己，不管你变成什么样子，我都是你的同伴。
366,Myself,你会梦游，我会磨牙，我们晚上一起去吓人吧！
4069,Novel,镇生者之魂，安亡者之心，赎未亡之罪，轮未竟之回。
561,Anime,天才的字典里，没有不可能这三个字。
914,Myself,若挥袖作别，流云万千，可有人千万流连。 若今昔一别，一别永年，苍山负雪，浮生尽歇。
1326,Anime,为什么要称赞他人？那是为了把对方捧到更高的地方更容易绊他的脚，为了把他从高处摔下来。这就叫做称赞杀人法。
609,Anime,吵死了吵死了!
135,Anime,爱，其实很简单，困难的是去接受它。
4229,Internet,别以为我长的帅就认为我遥不可及高不可攀，其实我是海纳百川啊！
925,Anime,我从来都不是什么天才，只是一个普通人，是一个连一个小女孩都保护不了的普通的、渺小的人类啊。
4434,Anime,和她相遇的瞬间，我的人生就改变了。所见所闻所感，目之所及全都开始变得多姿多彩起来。
4015,Anime,我怕失去了你，我的世界就没有了光明
4371,Game,阿珍爱上了阿强
856,Game,我的黑衣又该如何将你的星空包裹。
4437,Myself,不过一介凡人，何必与世纷争。
952,Anime,还能再见面吗? 一定能见面的
594,Novel,如果我真的存在，也是因为你需要我。
4118,Internet,有的时候我真觉得全世界都像海上撞沉了船，最要紧的还是救出自己
1017,Anime,只要怀着理想而行动，就算结果不尽如人意也没有关系。但是如果失去了理想，那就真的一无所有了，连自己珍视的人都保护不了。
3991,Other,眼看他起朱楼，眼看他宴宾客，眼看他楼塌了。
3928,Myself,是模仿出来的，模仿不出来
502,Other,人非圣贤，孰能无过？过而能改，善莫大焉。
921,Internet,人都有两面，一面天使，一面恶魔。
917,Anime,少年少女 向前走吧。
473,Other,面对无知的嘲笑，我只能为他们默哀。
4268,Anime,不管是怎样的回忆，都是我们活过的人生。
4,Anime,美好的人眼里映出的世界也是美好的。
1060,Novel,人与人之间情断义绝，并不需要什么具体理由，就算表面上有，也很可能只是心已经离开的结果，事后才编造出的借口而已。
118,Anime,比起悲伤来说，无法分享快乐这件事，要更加的寂寞吧。
4495,Novel,现实就是一本蹩脚的小说，它从不按常理出牌。
55,Anime,和哥哥的便当比起来夜空的薯片就像大便一样！只会给我大便的大便夜空是笨蛋～笨蛋～
556,Anime,我不管这个世上的人怎么说我，我只想依照我的信念做事，绝不后悔，不管现在将来都一样。
1125,Myself,没有什么是一个滑稽解决不了的，如果有，那就两个！
3769,Novel,我恨自己。我爱自己。
3689,Myself,想变成你所了解的那个我，但是.......抱歉.....似乎......不太可能
558,Anime,正因为生命有限，所以才显得重要，正因为生命有限，所以才更应该努力不懈！
136,Anime,我们不应该根据背负的罪孽来选择道路，而应在选择的道路上背负自己的罪孽。
1328,Anime,女生口中的「好人」首先百分之百是「怎样都好的人」的意思，再好也不过止于「方便好使的人」。也就是说，不管怎样都是没戏了
4551,Myself,真正珍惜时间的人不会找任何借口。。。。。可惜我不是
152,Anime,烈焰中舞动的火花，将赐予邪恶异性交往以天罚。
4000,Novel,我们的生命不是和这种孩子的悲伤一样，迅速地消逝在夜色中吗？
298,Game,谎言不一定是谎言，被发现的谎言，才算是谎言。
915,Novel,我告诉你，我也有我的禁忌，如果你敢那样做，不管用上任何手段，我都会杀了你。
4466,Game,别人的幸福，你的地狱
958,Novel,这个房间里只有一个人和一个人，而非两个人，不是吗？
4047,Myself,知道为什么你会遭受这么多的挫折吗？因为神认为，只有历尽了磨难的人才能成功啊！你是神选之子啊！
4030,Other,"春之风，自下升上，纸鸢因之以起。夏之风，横行空中，故树杪多风声。秋之风，自上而下，木叶因之以陨。冬之风，著土而行，是以吼地而生寒。 
"
4504,Internet,你看这个碗他又大又圆~
4546,Myself,如果可以，请让我们慢慢了解，慢慢喜欢。
4374,Internet,定义虽然精确，现实极度模糊。
132,Anime,不能逃避，不能逃避，不能逃避，不能逃避……
374,Myself,每当对这个世界感到绝望的时候，买一包泡面，然后告诉自己：我们的泡面是有酱包的。
3786,Novel,只有用心灵才能看得清事物本质，真正重要的东西是肉眼无法看见的
3643,Other,纵有疾风起人生不言弃
218,Anime,受尽苦难而不厌，此乃阿修罗之道。
1366,Anime,不管你在世界的哪个地方，我一定会，再次去见你的。
4057,Anime,问灵十三载，等一不归人。
492,Other,学而不思则罔，思而不学则殆。
53,Anime,你愿意陪我走到地狱的底端吗？
1248,Game,那为什么我高一的时候整个年级组里就只见得着老头儿和老太太呢，真是匪夷所思。
4442,Internet,世界上只有一种真正的英雄主义，那就是在认清生活的真相后依然热爱生活。
685,Game,生命本身毫无意义，只有死亡才能让你邃晓人性的真谛！
4195,Novel,"让人类保持理智，确实是种奢求
"
3875,Novel,心系一处，守口如瓶
963,Novel,问:相信是什么意思? 答:觉得被人背叛也无所谓，就算被人背叛也不后悔。
195,Anime,应该可以了吧，我已经很努力了，应该可以抵达终点了……
4240,Novel,如果说，有上帝的话。人类一思考，上帝就发笑，如果人类不思考，上帝连发笑都不屑于。
4515,Internet,Depression is the flaw in love.
397,Internet,等待，不是为了你能回来，而是找个借口不离开。
262,Anime,你再怎么称赞我，我也不会高兴的，你这个混蛋~
375,Myself,彼此相互推卸不幸是没有结果的。
138,Anime,因为我喜欢你，喜欢得想吃掉你啊！
1339,Novel,上帝给了人类有限的力量，但是却给了他们无限的欲望。
1191,Other,足吾所好，玩而老焉
4198,Internet,出言有尺，嬉闹有度，做事有余，说话有德。
1237,Novel,胆小鬼连幸福都害怕，碰到棉花都会受伤	
1370,Myself,为自己当初的誓言而努力！
4239,Novel,你们认为没有路，是因为没有学会不择手段。
4313,Game,生命和死亡都是可以搬运的。
4382,Myself,从未仔细感受怦然心动的时候，后来才发现它叫：喜欢。如果时间能冲流该有多好！无论如何，能和你成为朋友亦是不易！余生我陪你！
1204,Internet,无论撒怎样的谎，都无法欺骗自己的心。
4526,Other,你启唇似又要咏遍上邪，说的却是：“我愿与君绝。”
1105,Anime,即使匍匐在地，也要持续前进，这才是你的作风。现在的你只靠一些漂亮话当借口，在高墙前使性子，不过是个小鬼罢了。
4063,Novel,无论你接不接受，现实就这么回事，一点也不在乎你怎么想的。
1168,Anime,不得了不得了
271,Anime,“像你这样的白痴是怎么活过来的？”“因为我很自信。
4034,Novel,记忆这东西类似小说，或者说，小说这东西类似记忆。
126,Anime,人生最糟糕的事，一个是饿肚子，一个是孤独。
4028,Internet,即使天还没有亮，固执做梦的人，身前会有光。
1306,Myself,永远别放弃一个你每天都在想念的人
4604,Anime,今天不想做，所以才要做
276,Comic,在茫茫人海中，同样是高中生，同乘7点50分的电车，看着同一片海……那个瞬间不就是如奇迹般的邂逅吗。
23,Anime,像平常的你一样引发奇迹吧-
3665,Anime,你将不再是道具，而是人如其名的人。
923,Other,我从远方赶来，恰巧你们也在。
1257,Game,坚决不要相信任何班主任说过的 马上放学 ，果然是这个世界上的某一句真理。
1349,Comic,末将于禁，愿为曹家世代赴汤蹈火。
1162,Anime,正是因为这一点一滴觉得还有希望的自己，才是最无可救药的吧。
245,Anime,有光的地方必有影，有影的地方也必定有光，绝望的颜色越是浓重，一定会有光芒耀眼的希望。
4601,Anime,隐约雷鸣阴霾天空即使风无雨我亦留此地
4456,Anime,总有一天，我要撕碎这片虚伪的星空。
315,Novel,我一直以为人是慢慢变老的，其实不是，人是一瞬间变老的。
1344,Other,"看春花开又落,秋风吹着那夏月走,冬雪纷纷又是一年"
4547,Game,我是他的盾牌，我是他的利刃。我深知他，连同他的过去和未来。
1140,Anime,今日已成往昔，明日即将到来，为此理所当然之事，感到无比痛心。
3882,Myself,我既不想伤害别人，也不想被伤害
4349,Internet,我听到水流进入我的身体，我听到阳光穿透海面。
1186,Myself,我不分白天或黑夜，因为我觉得我的人生就像在白夜中行走。
85,Anime,无论乌云有多浓厚，星星也一定还在，只是暂时看不到了而已。
1352,Myself,充满着无尽的能量与自信，向着未来出发
115,Anime,要是因为烦恼很痛苦，就选择了轻松的选项，将来一定会后悔。
3594,Myself,可以理解，无法原谅。
846,Anime,"Oh,please don't let me die. Waiting for your touch."
4253,Other,命运他无法让我跪地求饶，就算鲜血撒满了怀抱。
27,Anime,如果还有来生 ，我无论如何都要来到你身边，我已经没有了其他想要追求的东西，因为没有比你更重要的了。
961,Internet,别把耿直当理由。
3811,Anime,"总在不停寻觅你的踪影，无论十字路口抑或梦境之中，明知你不在，却依然不停地找寻。
"
222,Anime,错误可不是为了别人才改的过来的，要为了自己才能改正。
998,Anime,追逐梦想的人比抓住梦想的人更能发挥实力。
3776,Game,当时间悖论开始相互纠缠之时，一个难以形容的意识会渐渐苏醒，它渴望着，索求着。
3795,Novel,那年的春天，那年的三月。你给我一个承诺，我就哭了。你给我一段爱情，我就真的站在这里舍不得走了。
1348,Other,此心光明，亦复何言
842,Anime,红茶的温度和女人心在任何时代都是难以琢磨呢。
4558,Novel,地狱太冷，我来殉你。
439,Internet,过去的事情可以不忘记，但一定要放下。
3889,Novel,“没有期望，就没有失望”，从此之后，再没受过伤害，因为从一开始，就不抱有什么希望。
1338,Myself,不必刻意的陪伴，只需偶尔的相视一笑，如此自然，却又仿佛胜过千言万语。
4435,Other,旅游的意义在于，看那些你不曾经历过的事情，见那些你可能永远不会再见的人。
4297,Novel,成王败寇，失败才是丑恶的。
979,Anime,所谓的「改变自己，世界就会随之改变」这种事，是不可能的。
4041,Anime,纵使日薄西山。
1374,Anime,和绝望，和睦相处
442,Internet,在你最冷的时候，有人不顾自己寒冷抱着你，这就是幸福。
4251,Game,真正的大师，如艺术一般。
3666,Novel,不值得，但是，痛快。
901,Novel,观察的实质是：“不赞美，不责难，甚至也不惋惜，但求了解认识而已。”
4007,Anime,我愿意呀，五十年前就愿意了。
4266,Comic,强大使人快乐。
1360,Myself,我纯净的笑容，我想一生珍藏
209,Anime,我不渴望什么在别的城市迎来的春天，只要和你在一起的春天就好，只要和你在一起就好
1206,Anime,自杀是没有理由的，只是今天没有飞起来罢了。
1315,Internet,选择最难的路走暗夜里看成群的星星涌来。
354,Myself,请不要忘记，那给你带来感动的，名为二次元的理想乡。
1012,Anime,"起风了,唯有努力生存。"
613,Anime,"桐乃非常非常不愿意你有女朋友，但是你还愿意和我复合吗。开...开玩笑的，你不要回答我不然我真的会死"""
4006,Anime,如果可以，愿来生你不要忘记我，我也不要忘记你那熟悉的温柔。
4278,Anime,大部分人并不想长大 只是没办法继续当一个小孩子。
3691,Myself,如果杞人看见过天塌下来，那么杞人忧天也就可以理解了吧。
926,Other,街上照明光华璀璨 乙醚麻醉的冰冷 无法成眠的凌晨两点 一切事物快速地转变
249,Anime,如果你死了，那什么也改变不了，可如果你还活着，那就能改变一些事情。
3873,Myself,汐文小姐，我会想你，在我这漫漫长路上的每一步！
102,Anime,如果你不能击败你的敌人，那么就加入他们。
511,Other,满招损，谦受益。
3972,Internet,"Think twice, code once."
3718,Other,通往成功的路，总是在施工中。
31,Anime,就是因为你不好，才要留在你身边，给你幸福。
4133,Novel,情不知所起，一往而深，生者可以死，死者可以生，生而不可与死，死而不可复生者，皆非情之至也。
357,Myself,再强的敌人在最后一集的主角面前也是渣渣。
3821,Anime,此身为剑所天成，身如钢铁，心似琉璃。
3948,Anime,我不喜欢这世界，我只喜欢你
3621,Internet,你无法比此刻更年轻
3796,Other,我对你最深沉的爱，莫过于分开以后，我将自己活成了你的样子。直到今天，再听到你的消息，为你活得越来越精彩而万分开心，虽然在离开你之后，我彻底变成了灰色。
4605,Anime,嗯，明白。我们是天人的Gundam Meister
4154,Game,我们都是在不曾谋面之张开的神手掌上起舞的命运的奴隶。
4260,Novel,为遇一人入红尘，人去我亦去，此生不留尘。
316,Novel,情深不寿，强极则辱，谦谦君子，温润如玉。
1405,Anime,男人就应该保持冷静，沸腾的水只会被蒸发掉。
4467,Anime,我看到这个世界的恶意，我们正在接受考验。
4535,Internet,前半生无你，余生请指教。
1330,Anime,夜晚还远远没有结束!
4232,Game,"我曾经也许是个好人，但现在，我只是个士兵。
"
967,Other,生活就像海洋，只有意志坚强的人，才能到达彼岸。
1331,Novel,这个世界没有公平也从来没有公平过，我们，我们的血，并非是我们选择了命运，而是命运选择了我们。
4237,Game,我受到了召唤，我必须回应，一如既往。
254,Anime,做出一副温柔的样子来折磨人不是更令人难受吗？
889,Anime,休息对于生存而言，也是紧要问题
4630,Game,愿吾妹，无拘无束如沧海之风，纵情闪耀如夜空之星。
4471,Anime,你是否会等待着我?我还想变的更加完美...
1201,Anime,你偶尔也该回头看看，那些在你身后的人，说不定已经追到你脚边了！！！
1397,Other,螃蟹在剥我的壳，笔记本在写我。漫天的我落在枫叶上雪花上。而你在想我。
160,Anime,我只是做了我能做的事，没有时间想将来。
3958,Novel,"抬眼一望，银河仿佛哗的一声，向岛村的心头倾泻下来。
"
3696,Internet,曾几何时，我们做了世上那最柔情的人，为一朵花低眉，为一朵云驻足，为一滴雨感动。
68,Anime,リア充死ね！
3944,Comic,我今天就是要带她走，我看哪个敢拦我。
1354,Other,于是荆轲遂就车而去，终已不顾。
3829,Internet,你总是这样轻言放弃的话，无论多久都只会原地踏步
4151,Internet,"花在女人身上的钱不能省，就算省了也不能让她知道。
"
652,Anime,你会哭着笑，笑着哭，是因为你的心，早已超越了自己啊。
3582,Myself,彼岸花花开彼岸，断肠草草断肝肠。
3947,Other,有一个夜晚我烧毁了所有的记忆，从此我的梦就透明了；有一个早晨我扔掉了所有的昨天，从此我的脚步就轻盈了。
3807,Myself,别跟我谈感情，多伤钱啊！
994,Anime,我不相信人类......但是，我相信人类的“可能性”
3732,Anime,把同班的可爱女同学娶回家就是我最大的梦想
401,Internet,活着就是为了改变世界。
4326,Novel,谁是敌人，谁是朋友，不须由别人去告诉你，也不该由别人去决定，而是该由自己决定的。
4596,Novel,苦其心志，饿其体肤，空乏其身，行拂乱其所为。
325,Novel,不能哭！唱歌吧！继续唱下去吧！不是为了赞美神，是为了向神挑战而唱！
1337,Other,你要不会唠嗑能不能别硬唠。
1055,Internet,我们是如此的担心着未来会发生的事情，因此忘记了慢下来享受现在。
4523,Anime,就此分别吧！请继续向前，迎接樱花漫溢的四月，但请不要忘记我，友人A……
519,Anime,有阳光的地方就会有阴影，所以有阴影的地方也一定会有阳光。绝望的颜色越是浓厚，在哪里也一定会存在耀眼的希望之光。
774,Anime,刻意保持距离的人是你，虚拟世界里的区区两公尺，对你来说就真的如此遥不可及?
738,Myself,我们都很擅长口是心非，但又希望对方能有所察觉。
625,Anime,你是笨蛋吗？
800,Anime,人不会对讨厌人要求理由。莫名的生气、莫名的讨厌、莫名的恶心、什么都能成为讨厌人的理由。
236,Anime,24岁的阿升你好，我是15岁的美加子，我现在也还是非常、非常的喜欢阿升哦！
4242,Novel,我有一个梦，也许有一天，灿烂的阳光能照进黑暗森林。
3858,Novel,明月清风晓星尘，傲雪凌霜宋子琛
310,Novel,阳光灼热，数不尽夏日繁华；蝉鸣幽幽，道不完苦辣酸甜。
910,Myself,The world is so immense that there must be a you. The world is so immense that I might never run into you.
4014,Anime,世界上哪有不会输的英雄啊
4476,Novel,来自南方的温柔的风，经不起北方的寒冷。
208,Anime,无论你在哪里，就算我看不见你，我也会一直注视着你。
3613,Anime,这短短的一生，我们最终都会失去。你不妨大胆一些，爱一个人，攀一座山，追一个梦。
526,Anime,关于自己的生活，我和你都不是读者，而是作者。至少结局，还是能自己说了算的。
850,Comic,"爱,其实很简单，困难的是去接受它。"
250,Other,我裤子都脱了你就给我看这个！！！
458,Internet,你最无暇的时光是哪段，你又把它奉献给了谁？
4222,Myself,无论如何轮回做出选择，终将还是会后悔。
3933,Other,不要熄灭你的灵感及想象，不要成为你楷模的奴隶。
4114,Myself,程序漏洞叫特性，设计漏洞叫特色
818,Game,一年、两年、三年…十年、百年、千年…即使用永恒的时间来等待，我也想再见你一面。
163,Anime,一直保持微笑是有诀窍的，那就是，在想哭的时候放声大哭。
4598,Anime,我没能说出口，不管是那句「我走了」，还是那句「对不起」，或者那句「谢谢」...
3686,Myself,倘若是为了爱而放弃一切，最终连同这份爱意都会丧失掉。
638,Anime,笨蛋、笨蛋！
765,Anime,“像你这样的白痴是怎么活过来的？”“因为我很自信。“
73,Anime,我对普通的人类没有兴趣，你们只要是有外星人、未来人、异世界人、超能力者， 就尽管来找我吧！以上！
1020,Anime,我不会忘记，一直，都留在我的心间。
4134,Internet,他们正热烈地讨论着别人的秘密，但是，一个不说，一个不听，还有一个不看。
3863,Game,地上的光催我妒意，吹拂的风催我妒意。
752,Game,少女祈祷中…
4209,Other,桃之夭夭，其叶蓁蓁。之子于归，宜其家人。
261,Anime,能哭的地方只有厕所和爸爸的怀里。
114,Anime,就是因为抱有不现实的理想，所以才总是做出如此极端的事情！
759,Myself,那双紧握不放的手…抓住的是希望…亦或是绝望…
1249,Anime,"This is your dream! Anything you can do in your dreams, you can do now!"
3739,Myself,"        幸福是什么？幸福就像第一次我轻轻地牵住你的手，然后我们不约而同地调整手的位置都想要牢牢的抓紧对方。
        这是我第二次写幸福。"
56,Anime,即使如此，我也有我想保护的世界！
4388,Internet,We always keep minority spirit.
1175,Anime,正因为有忘也忘不了的回忆，才会变得坚强，这就是所谓的成长吧！
4612,Game,以必将褪色的誓言，守护无法实现的愿望
4443,Novel,要是有些事我没说，你别以为是忘了，我什么也没忘，但是有些事只适合收藏。
226,Anime,前天是小兔子，昨天是小鹿，今天是你。
1192,Myself,机会永远都有 就看你能不能抓得住
745,Myself,你在颓废的时候别人都在努力哦~?
3806,Myself,漫漫人生路，相知有几人。
6,Anime,天空是连着的，如果我们也能各自发光的话，无论距离有多远，都能看到彼此努力的身影。
1034,Anime,在未知的未来将要发生的事，一定有它的意义
1048,Game,或许人和人之间的缘分，都是注定的。
3906,Novel,云深夜阑拥月色，少年携酒晚归程，酒香醉情抬眸间，白衣翩立似惊鸿。
4439,Anime,やり遂げたよ、最後まで。
499,Other,祸兮福之所倚，福兮祸之所伏。
1157,Myself,孤独不是病，习惯了自然会好。
403,Internet,放弃也是需要勇气的。
63,Anime,雨，何时停？
278,Anime,真正让我难受的，大概是因为让你看到如此狼狈的自己。
4202,Other,关关雎鸠，在河之洲。窈窕淑女，君子好逑。
4370,Anime,有些梦想虽然遥不可及，但不是不可能实现。只要我足够的强。
263,Anime,除了爱你，我什么都可以。
1101,Other,一个人对自己动机的诚实程度，决定着一个人是虚伪还是真诚。
1171,Myself,风牛流马·我带你回家
3768,Novel,数一个豆荚之中所有的豆子，或许为它们命名更好，这样它们就不会无名成长了。
1136,Myself,我的梦想就是站在万人仰慕的高度，俯视曾经看低我的人。
1198,Other,"生而贫穷并无过错,死而贫穷才是遗憾."
3591,Other,"那天她夸我很会笑,那十秒灵魂大概已卖掉."
4064,Novel,我变了。因为我不变，就活不下去。
562,Anime,奇迹不是免费的，如果你祈求了希望，也会散播出同等的绝望。
3699,Anime,大圣此去欲何? 踏南天，碎凌霄！若一去不回.... 便一去不回！
3816,Game,阁下是，人类？
693,Game,没人生来杰出。
4455,Internet,人生真是讽刺，一个人竟然可以变成自己曾经最讨厌的样子
4127,Novel,我不敢告诉你我是谁，因为假如我告诉你，你可能会不喜欢我，而那却是我全部所有
350,Myself,繁花落尽，明月映着谁老去……
725,Myself,谢谢你喜欢我，对不起爱，我伤不起了
194,Anime,我们开始一起攀登，这长长的，长长的坡道。
380,Internet,流浪去吧，总会在世界的一角找到愿意懂你的人。
44,Anime,只要有想见面的人，自己就不再是孤单一人。
564,Anime,只要是活着的东西，就算是神我也会杀给你看。
589,Novel,不要回答！不要回答！不要回答！
4203,Other,参差荇菜，左右流之。窈窕淑女，寤寐求之。
684,Game,你的死亡让我的掉败更加沉重！
1329,Myself,清晨、黄昏、天空 和飞鸟，代码、诗歌、活着 和爱你。
3595,Internet,下辈子变成你喜欢的人，然后不喜欢你！
1028,Anime,是鸣人改变了我！是鸣人的笑脸拯救了我！所以，如果是为了保护鸣人，就算死，我也无可畏惧，因为我，最喜欢鸣人了。
3945,Other,沸乳看蟹目鱼鳞，传瓷选月魂云魄。
3622,Myself,学习和什么使我们快乐
323,Novel,想了解喜欢的人，可是，却不能理解。
3583,Game,所有的梦境都是另一个现实，永远不要忘记。
4615,Anime,朝着下一道光芒横渡大海吧！
795,Anime,人的一生会遭遇各种各样的事，其中有令人难以置信的事，也有不讲道理的事，但这就是生活。
124,Anime,自身不先改变的话，一切都不会改变。
657,Anime,假如我们相遇，肯定一眼就能认出彼此
3846,Novel,"许多年以后,面对行刑队的时候,奥雷良诺·布恩迪亚上校一定会想起父亲带他去看冰块的那个遥远的下午。"
4032,Other,焉得谖草？言树之背。
3611,Other,一个人至少拥有一个梦想，有一个理由去坚强。心若没有栖息的地方，到哪里都是在流浪。
3603,Novel,神不贪，为何容不得一点对其不敬?神不恶，为何要将地上千万生灵命运，握于手中？
553,Anime,这个世界上没有奇迹，有的只是偶然和必然，以及是谁在做些什么。一直期望着能出现奇迹的人们是不会发生奇迹
1137,Anime,代你见证世界的终结，来世再续梦之伊甸
977,Comic,今后无论发生什么事也好，这个左手上的⋯⋯都是同伴的记号！
697,Game,叛徒？事实上，我才是被背叛的人！
4246,Novel,西方人并不比东方人聪明，但是他们却找对了路。
3969,Other,自古美人如名将，不许人间见白头
3785,Novel,一旦你驯服了什么，就要对她负责，永远的负责。
4422,Other,这永远闪光的梦想，穿过每一个清晨，每一个不眠夜晚。
905,Anime,是个男人就要对自己的人生负责
3841,Anime,人啊...想要保护重要东西的时候，就真的能变得很坚强。
663,Game,最后呢，在这片沙漠之中，至少我能知道还会有一个，珍爱这朵花儿的人。有一个人就足够了。
878,Anime,我们一直在一起，所以最后也想在你身旁。
191,Anime,代表月亮消灭你！
258,Anime,所谓的人类，可是连短短的十分钟也等不起的。
554,Anime,伤害别人的人，就要有被伤害的觉悟！
289,Game,少女祈祷中……
4224,Anime,人类的赞歌就是勇气的赞歌！
4408,Other,到底是孤独的人强大，还是强大的人孤独。
803,Anime,堕入黑暗裏的可怜影子啊，停止伤害他人的行为吧，犯下罪行的灵魂…想死一次么？
3781,Internet,火娃的熊熊烈焰 水娃的滔滔巨浪 当两种力量结合到一起的时候 就变成了 水蒸气
719,Internet,以前高中时，羡慕大学考试只要及格就行；现在大学了，怀念高中考试及不及格都行…
1287,Myself,你是清风上的明月，枫林间的鸟雀。
470,Other,文能提笔控萝莉，武能床上定人妻。进可欺身压正太，退能提臀迎众基。
1080,Other,十年饮冰，难凉热血
891,Other,"成熟不是心变老,是泪在打转还能微笑"
445,Internet,（根据相关法律法规，相关内容已被屏蔽。）
15,Anime,我有在反省，但我不后悔。
265,Anime,给，一辈子朋友劵。
729,Novel,有时你飞到了头，却发现还不如中间掉下来
400,Internet,研表究明，汉字的序顺并不定一能影阅响读，比如当你看完这句话后，才发这现里的字全是都乱的。
4039,Anime,世界上的人都变成废柴，这个世界就没有废柴了。
3663,Anime,据说啊 叹气会让幸福溜走的
1247,Game,那些每天骂公司骂社会骂国家的大人，不还是得为了那么点钱起早贪黑地蹬着自行车上班么。
4474,Game,帮助孩子，去实现他的梦想，对大人来说，那是无上的喜悦。
506,Other,投我以桃，报之以李。
909,Anime,前天是兔子，昨天是小鹿，今天是你
14,Anime,用你的笑容去改变这个世界，别让这个世界改变了你的笑容。
1122,Internet,不懂装懂，永世饭桶
3744,Game,韬光养晦，静待时机
3963,Comic,我只是不想再失去他——哪怕是仅存在一瞬的幻影！
573,Novel,"我们都是阴沟里的虫子,但总还是得有人仰望星空。"
312,Novel,想要成为无论多么悲伤的时候，也能够漂亮微笑的人吧。
1073,Internet,我们嘴里的别人的事听起来就像是自己的事；我们说自己的事的时候，却又在像说一段不相干的故事
1165,Anime,想象力足以改变一切。
3702,Novel,“一个真正想死的人 不会再计较人们说什么 一个拿死说来说去的人 以我的经验来看 并不是真的想死 而是……” “而是什么？” “而是还在……还在渴望爱”
370,Myself,为错误停驻是件可悲的事。
4084,Other,是幻想吗，是空中楼阁吗；在黎明前，这场梦，蝴蝶之梦。
4481,Internet,我好累啊，我终于变成了自己当初最讨厌的样子。
982,Anime,你喜欢的人已经心有所属不是正常的吗，因为你喜欢他，所以你的眼中就只有她。人啊，总是盲目地去爱。
949,Novel,整个物理学就像是一个大谜，走到它的尽头，连整个世界是否存在都成了问题。
1031,Comic,失去故土的花朵，回不去，却也离不开。
3938,Myself,路过的熟悉，如同有你，已无转身的距离。
4062,Novel,变化是唯一可称为客观的，普遍的事实。
847,Comic,不管你说再多的慌，只有自己的内心，是无法欺骗的啊。
668,Other,自己珍视的事物，自己珍视的人，自己最真实的希望，想要一路坚持到底，全力让此刻绽放光芒，实现吧，大家的梦想！
1340,Novel,"请你,驯养我吧"
544,Anime,为了做一名真正的绅士，即使明知必输无疑，也要有勇气接受挑战！
1011,Novel,得来不易的机会，会让所有的动物去做原来不喜欢做的事。
3763,Myself,放开我吧，求求你们，放我走吧，让我离开
487,Other,古之立大事者，不惟有超世之才，亦必有坚忍不拔之志。
4369,Other,依然记得从你口中说出再见坚决如铁
718,Anime,喜欢你，因为我喜欢你，比地球上任何人都，喜欢你...
1358,Novel,所有的漩涡与波浪都痛苦而急切地奔向自己的目标——许许多多不同的目标：奔向瀑布，奔向大海，奔向河流，直至百川汇集的大洋。
1004,Anime,人总有一天都会死的，但正因为生命是有限的，才能够欢喜和悲伤。
629,Anime,最后好想有个拥抱....，可是...那种事情怎么能说得出口.....
541,Anime,我不是因为需要你们评论几句才去当英雄的，而是因为我想去当所以我才当的。
3801,Myself,雷锋做了好事不留名，但是每一件事情都记到日记里面。
4433,Anime,你驻足于春色中，于那独一无二的春色之中。
876,Myself,就要死皮赖脸的喜欢你
682,Game,我战斗到了最后一刻！
3653,Game,以我全部的生命和力量，保卫人权大宪章，并将其延伸至银河所有知觉生命的正当权利。
125,Anime,就算是对我抱有敌意的人，也是被某个人深爱着而降生在这个世界上的。
972,Other,We're here to put a dent in the universe. Otherwise why else even be here?
171,Anime,(눈_눈)
957,Anime,不要伤害自己，别人总会这样做。
831,Novel,救救我啊奥特曼，哪怕你只能撑三分钟…
1141,Anime,我活在我的时间里，她活在她的时间里，因此，我们时间交错的瞬间，对我而言比任何事物都宝贵。
1275,Anime,届けて— 切なさには 名前をつけようか“Snow halation”
1019,Anime,如果要伤害别人的感情才能实现的话，对那个人来说梦想就已经不能称之为梦想了。
100,Anime,年华无多时，恋爱吧男子！
158,Anime,人生在世何其痛苦，所以咖啡至少该甜一点。
1151,Internet,生命在于折腾，生命不息，折腾不止
4492,Other,形而上者谓之道，形而下者谓之器。
4441,Novel,对我来说，风光无限的是你，跌落尘埃的也是你。重点是“你”，而不是“怎样”的你。
4354,Myself,大部分人对自我的否定是心理作用，实际上他人可能会给你更高的评价。
827,Other,"如果你在的时候,会不会伸手拥抱我"
1144,Myself,聆听雨落的声音，俯看凋零的落叶。伫细雨之中，感雨落之殇。
4157,Myself,我想去很远很远的地方，不是天堂，也不是西藏，是没有你的地方。
437,Internet,不要祈求生活公平，只需要适应它。
679,Novel,“人，是会思考的芦苇。”
700,Game,这个世界已经不再需要我这个守护者了，大地的创伤，会由它自己慢慢的回复，而各个生存在这里的种族的未来，就只有靠他们自己的努力了。
1164,Anime,一个人觉得寂寞，和另一个人相互依偎又有什么错
4045,Other,牛肉面算是我的人生菜单，很高兴有一天，我终于学会了你的味道。
120,Anime,乔巴，一个男人，有时候是不能逃避战斗的，尤其是当伙伴的梦想被人嘲笑的时候。
3867,Myself,假使让ta的爱回归，你的心过得去吗？
498,Other,合抱之木，生于毫末；九层之台，起于累土；千里之行，始于足下。
662,Game,"有了她灿烂的笑脸,有了活下去面对每一天的勇气。"
771,Other,世间所有的相遇，都是久别重逢。
4330,Internet,哪有什么人生开挂，不过是坚持很久的厚积薄发。
142,Anime,你还是这么冷漠啊。不过，仅此而已的话，我是不会泄气的。
18,Anime,我不会让任何人看到我软弱的一面。
4377,Anime,经为流逝的日月。纬为人们的生业。
3960,Other,奇变偶不变，符号看象限
1015,Anime,我们都在梦中，一个叫青春的梦里。梦总有一天会醒来，而回忆会一直闪烁。
3950,Myself,梦里什么都有？梦里有你就够了。
611,Anime,Angel大河大人，为了大家能有一个幸福快乐的圣诞，无论是一层皮还是两层皮都给你剥下来，直到最后全裸都没问题的觉悟都做好了！
4181,Anime,梦想是一个天真的词，实现梦想是一个残酷的词
3832,Internet,如果爱，请深爱，如不爱，请离开
731,Anime,不能逃避，不能逃避，不能逃避，不能逃避…
1211,Anime,对于虚伪而言，真实的光明或许过于耀眼了
1087,Anime,即使你已经习惯了受伤害，也有人看了会心疼的。
221,Anime,明明只是活着，哀伤却无处不在……
130,Anime,自己的感觉，不说出来，别人也不会懂，如果不懂，就应该互相沟通。
1387,Anime,将愿望倾入不愿忘却的回忆中⋯⋯
658,Anime,从现在开始，我将追寻你的名字。
4105,Anime,不拼尽全力去试一下，又怎么会知道啊
26,Anime,所谓的言语，只有当对方听进去了才开始有意义啊。
907,Anime,没有偶然的必然，只有必然的偶然
1052,Anime,无限接近于零，却又不等于零的可能性。
497,Other,敏而好学，不耻下问。
1259,Other,千里之行，始于足下。
4097,Other,靠水晶球谋生的人注定要吃碎在地上的玻璃。
4132,Anime,一个人有表里两面，你能看到的，仅仅是其中一面而已。
4141,Myself,有多少人以友谊的名义，爱着一个人，认为拥有，就是失去的开始。
164,Anime,女人的武器不是眼泪，而是微笑。
97,Anime,我们走过风走过雨，就是没能走进彼此的内心。
970,Internet, 像旧时候，像老朋友。
913,Anime,ご無事で何よりです。
182,Anime,要改变别人的心真是件很难办的事，不过改变自己要容易一点。
716,Other,多一分心力去注意别人，就少一分心力反省自己，你懂吗？
643,Anime,我绝对会成为火影。我从来都是有话直说，这就是我的忍道！
4107,Anime,你们人类让我明白了一个道理，那就是这个世界是不讲道理的
4548,Myself,每一个人都是带着枷锁出生的，我们渴望遇到另一个人来减轻自己负担，亦或是带着沉重的枷锁离开。
408,Internet,不忘初心，方得始终。
3851,Novel,生来一人，去时孤身，便是江澄其人
4367,Game,我曾踏足山巅，也曾进入低谷，二者都让我受益良多！
443,Internet,我和我的小伙伴们都惊呆了！
617,Anime,哥哥也可以喜欢上我之外的女孩子，但只有音梦是不可以的！
1037,Anime,最近的烦恼是小小的离别带来的寂寞，一瞬间的邂逅与分别，这一个一个的刹那，我想好好珍惜起来。
4406,Myself,上一阵风、它吹过的时候，带走了我的心我的寂寞。
3658,Game,如果我们这么做了，某些事情将会发生。我们必须这么做，这是科学的探索。
66,Anime,已经无法回到过去了。也不知道将来会是什么模样。
764,Other,Just give me that chance.
1350,Internet,夜深忽梦少年事，唯梦闲人不梦君。
1395,Anime,重要的不是你做了多少事，而是你放了多少心思进去。
42,Anime,男人许下的诺言就一定要遵守。
1371,Myself,我要名正言顺闯进你生活，干预你原本的生活，吃我不曾敢食的醋，做我这身份该做的事情--拥抱你。
760,Other,"衣带渐宽终不悔,为伊消得人憔悴."
3675,Myself,加油，努力，当然，这只是对你而言，如果是我的话，还是算了吧。请别对我抱有任何期望，失望的感觉真的很难受呢
791,Other,茕茕白兔，东走西顾。衣不如新，人不如故。
280,Comic,我爱的人也爱着我，对我来说这简直是个奇迹。
4082,Internet,钱塘风雨起苍黄，贺鸡儿楠过大江
736,Internet,再自信的人都会觉得自己还不够好
1220,Anime,如果结果不如你所愿，就在尘埃落定前奋力一搏。
636,Anime,得到更多人的认可，带著大家的爱意加油哦！
22,Anime,比任何人都要了解自己，比任何人都要关爱自己。喜欢上这样的人，并没有什么奇怪的呢。
456,Internet,有些事情本身我们无法控制，只好控制自己。
1238,Anime,契约者不会做梦。
446,Internet,你还欠我一句对不起，可我不会再说没关系了。
1261,Other,云销雨霁，彩彻区明。
4549,Anime,没有一封信是不必被送达的。
4109,Anime,世界是无情的，并不存在与生俱来的英雄。 所以只能由刚好在旁边的人粉墨登场， 演一出英雄的戏码。
4386,Other,愿各位程序员都能记住，输出第一条hello world时候的心情。坚持下去，你的每一条代码都在默默的改变世界，加油！加油！加油！
4304,Other,No puzzle that couldn't be solved!
186,Anime,成功率不到2%，那剩下的用勇气来补足吧！
4033,Myself,喜欢 不过是我愿意在冬天把自己当做你的暖水袋而已 如此便是
101,Anime,求你，保护那孩子，消除灾厄，抹除祸事。哪怕⋯⋯那是我自己……
794,Comic,在茫茫人海中，同样是高中生，同乘7点50分的电车，看着同一片海…那个瞬间不就是如奇迹般的邂逅吗。
649,Myself,中国教育的优秀在于，小时候要求老实听话，抄袭模仿；而长大后要求独立自主，开拓创新
4310,Novel,要对得起你的苦难。
4090,Game,寻觅归乡之路，一次一颗子弹
790,Other,无论做什么，记得为自己而做，那就毫无怨言。
1266,Other,腾蛟起凤，孟学士之词宗；紫电青霜，王将军之武库。
1389,Anime,什么都无法舍弃的人，什么都无法改变 。
4247,Other, To boldly go where no one has gone before.
3777,Internet,我李某相貌堂堂，妻子花容月貌，岂会生出你这种山野莽夫呢？
4527,Game,我们的工作是搬运生命和死亡。
4254,Other,宇宙中唯有两件事物是无限的：那就是宇宙的大小与人的愚蠢。而宇宙的大小我却不能肯定。
4335,Anime,你的所言所行，全都闪烁着光芒，太过刺目，于是我闭上双眼，但内心还是无法停止对你的憧憬。
1250,Novel,人类的智慧就如同孔雀的羽毛。极尽炫耀，只是为了吸引异性。
3601,Novel,若天压我，劈开那天，若地拘我，踏碎那地，我等生来自由身，谁敢高高在上。
3754,Myself,你很好，我也很喜欢，但我不是追着别人跑的年纪了。
4149,Other,The devil is in the detail. 细节决定成败。
4019,Anime,即便我弱了，也并不代表你强了。
4311,Anime,一举一动，都是承诺，会被另一个人看在眼里，记在心上的。
3701,Myself,我想拥有温柔，不仅仅止于表面的伪装。
1184,Other,凤兮凤兮归故乡，遨游四海求其凰
3745,Anime,看来这世界 似乎还想要驯服我 那就如你所愿吧 我会美丽地挣扎到底
4328,Anime,即使我弱了，也并不代表你强了
583,Novel,很多人宁可否认事实，也不愿面对真相。
687,Game,为你而战，我的女士！
4081,Internet,春来我不先游泳，哪只虫儿敢过江？
35,Anime,就算只有六十亿分之一的机会，我们还是会邂逅。
3820,Myself,事实总是露骨地斥责我，有些痛苦是不能体尝的。
596,Anime,春天的最后一场雪，你我的最后一次相聚，能遇见你是最幸福的事了，就此分别吧！请继续向前，迎接樱花漫溢的四月，但请不要忘记我，友人A……
702,Other,陪着你做前端
769,Other,"举手长劳劳,二情同依依."
219,Anime,如果你都不知道自己想去哪里，那去哪里都是一样的。
713,Novel,我们往往把自己的性格和人品说得言过其实了。如果真理被冷酷无情地揭示出来时，我们反倒不能明辨是非了。
4488,Novel,弱小和无知不是生存的障碍，傲慢才是。
4463,Game,见过我家那只可爱的宠物么？它的名字叫大白。
1150,Other,丁丁漏水夜何长，漫漫轻云露月光。
1218,Other,年轻时最大的财富，不是你的青春，不是你的美貌，也不是你有充沛的精力，而是你有犯错误的机会。
305,Game,虽有遗憾，并无后悔。
3800,Novel,对不爱我们的人，一旦付出，就罪孽深重
3723,Myself,猿粪和狗屎其实是一类东西，这个你知道的吧。
839,Anime,不是我，都是社会的错
4338,Anime,不辜负年华，做自己想做的事，唱自己想唱的歌
1152,Internet,即使无法掌握未来，也请不要忘了明天。
4505,Internet,你看这个面他又长又宽~
3770,Novel,今日，吾爱，我们融为一体。
3989,Anime,王有王的才能，厨师有厨师的才能，替身之间是没有强弱之分的
4570,Internet,如果必须要失去，那么不如一开始就不曾拥有。
229,Anime,男人变态有什么错！
4395,Anime,我是否住进了某人的心房呢？
1216,Myself,孤独的人不过都是一厢情愿的伤害自己，然后再感动自己罢了。
4513,Myself,“喜欢一个人难道就要放弃吗。”
4211,Other,蒹葭萋萋，白露未晞。所谓伊人，在水之湄。
1213,Myself,每个人都衣冠楚楚，从来没有人会关心光芒万丈的外表下那藏在角落的，发了霉的落寞。
4112,Anime,樱花满地集于我心，楪舞纷飞祈愿相随
1014,Anime,走过一段路 回头看 原来那些痛得快要死去的事情是可以一笑而过的。
25,Anime,可是就算我们通一千次短信，我们各自的心，大概也只会相互靠近一厘米吧。
3827,Novel,自由就是说二加二等于四的自由，如此成立，一切同理。
4502,Anime,一旦醉心于狩猎，不到最后关头不会发现自己才是猎物。
4188,Myself,真可悲，你什么都不知道，在这个世界上没有什么是不重要的！
3802,Myself,青春就像卫生纸。看着挺多的，用着用着就不够了。
173,Anime,历史虽然会一再重演，但人类却无法回到过去。
257,Anime,如果能够重生的话，我想，我想成为水母。想成为只是在海里自由地摇摇摆摆的水母。
4532,Novel,天不生我李淳罡，万古剑道如长夜。
4145,Myself,你想要的，岁月会给你
4588,Other,讨厌酒的味道，却爱上醉的感觉。
4004,Novel,超过一定的年龄之后，所谓人生，无非是一个不断丧失的过程而已。
677,Other,スキスキぷわぷわスキスキぷわぷわ！わしちゃおう!
1032,Novel,到底要被救多少次，才会甘心啊！？
3683,Myself,你要知道我所做出的决定都没改变过 无论如何也会达成
528,Anime,拥有和舍弃都很痛苦，既然无论怎样都会痛苦的话，我宁可选择守护它而痛苦。
4010,Anime,有很多辛苦的事情，从结果上来说并不好。但是一起努力的过程，绝对不是没用的。我是这么想的。所以现在不是停滞不前的时候。
920,Other,我知道这个世上有人在等我，尽管我不知道我在等谁。当因为这样，我每天都很快乐。
1182,Other,踏长风破万里浪
802,Anime,无论发生什么都不要停下。无论到什么时候都要继续前进。 要一直走下去，直到生命终止的那一刻。
1375,Myself,人终其一生都是自我改善的过程。
71,Anime,越是试着忘记，越是记得深刻。
601,Anime,英雄意味着强大，英雄意味着孤独，最后一幕一定是英雄渐行渐远，我的英雄也是那样的存在。
4289,Novel,弱肉强食的世界，强者没有理由道歉，弱者也没有资格埋怨。
269,Anime,不习惯的事越来越多，但我仍在前进……就算步伐很小，我也在一步一步的前进。
383,Internet,我敬你是条汉子！
969,Other,不稼不穑，耕怠者无获；不了不当，事辍者无功。
1343,Novel,"永远不要忘记,直至天主垂允为人类揭示未来图景的那一天来到之前,人类的全部智慧就包含在这五个字里面：等待和希望."
1319,Comic,猫是可爱的，狼是很帅的。就是说，孤独又可爱又帅。
3869,Other,戸惑い憂い怒り狂い たどり着いた祈り 君の心死なずいるなら 応答せよ早急に
4182,Novel,弱小和无知，不是生存的障碍，傲慢才是。
4016,Anime,虽然有时候，不知道要写些什么，有时候，却有很多想说的，来不及记录。回忆一转身，就悄悄溜走了。
911,Internet,难过从来就不能解决任何问题
4147,Comic,如果我手上没有剑，我就无法保护你；如果我一直握着剑，我就无法抱紧你
848,Anime,You Are (Not) Alone;You Can (Not) Advance;You Can (Not) Redo
365,Myself,姑娘们啊，要在该认真的地方全力认真，当你不想认真的时候不妨笑笑。
54,Anime,错的不是我， 错的是世界。
866,Anime,其实...根本就没有什么天堂和地狱吧....
233,Anime,能够轻易就放弃的梦想，有存在的价值么？
1099,Anime,总觉得跟你在一起，不管多高的地方都可以到达。
1155,Myself,我们，在路上，勿忘初心。找寻最初的梦想和微弱的希望。
61,Anime,忘记本身就是一件不可能的事。
343,Myself,就算你已经不在，就算你身边的人已经不再是我，我也会坚强的活下去，为了你。
717,Novel,荒诞也好，愚笨也好，总会过去的。
1179,Myself,我特别讨厌悲观的人，做任何事情只要出了点挫折就放弃。那是你，别自以为是把我搞得和你一样！
734,Anime,无论是丢下还是被丢下，这两者都是一样痛苦的。
1234,Other,Across the Great Wall we can reach every corner in the world.
4436,Other,背上背包，带上行囊，去你的世界旅行。
1281,Novel,公民们，庇护所即将关闭，感谢所有人，再见。
3998,Myself,你说夜里做的决定隔天就会反悔，那么我就要为了你的反悔等到零点。
4538,Internet,这个世界上没有忽然崩溃的感情，只有压弯骆驼的最后一根稻草。
1108,Anime,明明喜欢的不得了，可是看到对方幸福洋溢的表情，却觉得很难过、很痛苦，胸口发疼。
268,Anime,沒有永远下不停的雨。
3894,Novel,月濯云深里 留雪拥襟 持琴问灵 拂剑承天地
3633,Myself,因为刚好遇见你，原来你也在这里……
419,Internet,没有回忆就去创造回忆，没有道路就去开辟道路。
1158,Myself,忘却并不是可怕的，而是你不肯。
116,Anime,呐，知道么，樱花飘落的速度，是每秒五厘米哦~
1091,Anime,命运的红线一旦断了，就再也接不上了。
4402,Anime,雁过拔毛，兽走留皮。涂山，我罩的，懂？
4595,Myself,|｡･㉨･)っ♡　喜欢你♪
1373,Myself,不怕万人阻挡，就怕自己投降，将来的你一定会感激现在拼命的自己，自己选择的路，再艰难，跪着也要走完。
4320,Anime,到底是，为什么呢？
328,Novel,风停之后再扬帆，船绝不会前行。
1406,Internet,旅行的意义在于找到自己，而非浏览他人。
3629,Other,愿您的每句评论，都能给大家的生活添色彩，带来共鸣，带来思索，带来快乐。
3808,Other,我认为最深沉的爱；莫过于你离开以后；我活成了你的样子。
4517,Anime,喜欢和不讨厌之间可是有着数亿光年的距离的。
3922,Novel,蓝曦臣，我这一生害人无数，杀父杀兄杀妻杀子杀师杀友，天下的坏事我什么没做过！......可我独独没有想过要害你
3720,Anime,我们一直在离别中，比如和爱的人，和伤害，甚至和时光。
703,Other,无奈夜长人不寐，数声和月到帘栊。
515,Anime,我不知道离别的滋味是这样凄凉，我不知道说声再见要这么坚强。
398,Internet,最终让你难以忘怀的，并不是某个谁，而是当初为之倾心，不顾一切的自己。
4262,Anime,不能输，笑吧！
4620,Other,赌书消得泼茶香，当时只道是寻常
4375,Internet,人每走一步都会损耗 0.6 秒的生命，难道我们会因此停滞不前吗？
863,Anime,世间万物，如果一直放着不管的话，便一定会向不好的方向发展。就像即使如何的努力也无法阻止宇宙变冷一样。只是按照‘常理进行’不断积累而构筑出的世界，无论如何也无法脱离物理法则的束缚。
3596,Myself,每一天都可能会有刷新你世界观的事
783,Anime,有伤害人的人存在的话，也会有能抚慰伤痕的人
353,Myself,苦到头未必是甜的，而甜到头一定是苦的 。
1302,Novel,得到了再失去，总是比从来就没有得到更伤人。
568,Novel,我希望你可以找到真正的自己，不是明年，不是明日，而是现在。
1083,Other,自由不是你想干什么就干什么，而是你想不干什么就不干什么。
4564,Other,“你知道，我以前是红色的。和我喷出的火焰一样的赤红。那些日子真是美好啊。”
1202,Anime,因为喜欢你，所以想继续相信下去。
845,Anime,并非喜欢、也不是爱。而是更加深刻而沉重的——
267,Anime,无知而又纯洁的岁月是任何人都曾拥有的，世界上没有一成不变的事物，所以只要以其他方式找到自己的快乐就行了。
3690,Myself,生命的长度我是拓展不了了，但是我可以试着把它拉宽一点，这样子就能印出彩虹了。
1210,Anime,身体被冻僵了，仅有吐出的气息略带热度。望着彼此即将停止的心脏鼓动。 然后，极为珍惜的记忆随即就会消失而化为眷恋。
4271,Anime,不愿意的时候，逃跑也没有关系！
570,Novel,世间本无公平可言，除非公平掌握在自己手中。
1006,Anime,只顾着追求新事物，却不回顾历史，怎么会有未来。
840,Anime,El Psy Congroo..
532,Anime,不过傲慢分为两种。一种是能力过于低下，还有一种是志向异常远大的。前者显得非常愚蠢，后者是难得一见的珍贵种类。
3790,Other,时间背着我悄悄捏碎从前
674,Other,大家所做的，最棒的 LIVE ！
199,Anime,与其被自己的本性牵着走而痛苦，倒不如试着改变自己。
3899,Novel,我放着好好的阳关大道不走，走这阴沟里的独木桥干什么。真这么好走早就有人走了。
3700,Myself,"如果一个人连死都不怕的话,那么他害怕的事情就太多了"
282,Comic,就算风吹散了冰雪，想念也会留存下来。
345,Myself,如果没什么好事发生的话，就把没有发生坏事的每一天当作好事吧。
3738,Internet,借朋友的车开，朋友说还的时候要给车加油。还车时，我冲车鼓了鼓掌
984,Anime,我动身踏上旅程，是为了与你道别。
884,Novel,这样的日子，居然一过就是一年多，他们和所有正常的不正常的恋人一样，相爱着，伤害着。 　好像彼此已经在一起很多年了，那种感情，慢慢变成一种习惯。
538,Anime,世界上 ，没有一拳解决不了的事，如果有，那就两拳。
3719,Other,兜里不硬气，啥都不敢买。
1117,Myself,天予不取，必遭天谴。
513,Anime,活在现实中的人是错的，而那些哭泣的人才是正确的，孤独的我们才有人类的样子
334,Novel,我如朝露降人间，和风樱花随春谢。四十九年一朝梦，一期荣华一杯酒。
577,Anime,星星只有在夜里才璀璨夺目啊。
3798,Novel,得到了再失去，总是比从来就没有得到更伤人。
253,Anime,无法逃避的是自我，而无法挽回的是过去。
143,Anime,我能够允许你逃避过去，不过至少从现在或者明天开始都不要再逃避。
1079,Myself,自由的目的是为了为他人创造自由
525,Anime,"吾于冥河沉浮,受尽命运捉弄，纵然汝将忘吾，吾亦伴汝身旁。"
4409,Internet,真正要分开的两个人，连“分手”二字都是多余的，因为殊途同归。
3980,Game,我伤心的时候，你会不会认为我也是在搞笑？
468,Other,"Yesterday is a history, tomorrow is a mystery, but today is a gift."
3965,Other,你的笑像一条恶犬，撞乱了我心弦
92,Anime,胜而不灭，霸而不辱，这才是真正的征服。
918,Anime,过分的神圣，往往比恶魔更加恶质。
3713,Myself,踏碎零花，执剑称皇！
607,Anime,那东西既然被你知道了，我就没脸活下去了，只有一死了之了！可是我还不想死，所以只好把你杀了啊！
3981,Game,生命，不过只是一场骗局，从你开始呼吸的那一刻起，你就已经在慢慢死亡了。
537,Anime,不是别人，是我，承认了你的价值。
187,Anime,我一直都在你身边 ，一直都在。
605,Anime,君の名を 今追いかけるよ
4094,Game,亲爱的，你的心在哪里？
893,Internet,只要你想 你就是在天涯海角 我都会追去 。
3880,Internet,如果你是一匹千里马，那么请做自己的伯乐
3911,Novel,生老病死，八苦之四，众生必经，江澄亦是。
4025,Myself,人和人是无法理解的，所有的理解都是建立在自己的主观之上。
4065,Other,看过太多的人生指南，都快找不着北了
460,Internet,最好的感觉，是有人懂你的欲言又止。
3892,Myself,天不生我墨泽埃，赌道万古如长夜。钱来！
877,Internet,被特别在乎的人忽略，会很难过，而更难过的是你还要装作你不在乎。
3836,Myself,落日拉开黑夜的帷幕，繁星点燃黎明的火光。
4265,Comic,我之所以想变强，是为了活得轻松写意。
3861,Myself,重要的事情，你怎么不做呢？
3756,Myself,可能你现在不是别人的，但将来也不会是我的。
782,Other,如何得与凉风约，不共尘沙一并来！
232,Anime,人は一生、中二病なんだ。
4521,Anime,我不甘心，明明你为我做了那么多，我却什么都不能为你做。
4557,Novel,莫对他人妄行揣测，是人能给予自己的最高尊严。
3893,Novel,天自撰我命 唤魂为逆 肆酒行 削竹横笛借音
1024,Novel,你永远也看不到我最寂寞时候的样子，因为只有你不在我身边的时候，我才最寂寞。
3954,Other,满天都是星星，好像一场冻结了的大雨。
4038,Anime,死亡不是终点，被遗忘才是。
740,Anime,死对任何人都是残酷的，年轻年老、好人坏人都一样。死是平等的，没哪种死亡是特别残酷的，所以死才可怕。品行、年龄、个性、金钱、美貌，这些东西只在生前才有意义。就因能将一切化为乌有，所以怎样的死都是残酷的。
3891,Myself,每个人生来都是妄想家
4009,Anime,让我成为你的双眼，把那世界万千，描绘在你面前。
4550,Anime,我觉得，不改变也很好。
1036,Anime,那只萤火虫在很长很长的时间里都是独自一人生活，甚至忘了自己是只萤火虫。
4362,Other,竹杖芒鞋轻胜马，谁怕？一蓑烟雨任平生。
1139,Myself,父母是你的一把粗糙的伞，可是它为你遮风挡雨——而我们应该做的，是感激他们，并不是舍弃他们、捅破他们。
4430,Anime,错的不是我，而是这个世界！
3726,Internet,数学和物理，就是把看不见的星星写在了纸上。
4542,Novel,错了就错了吧，一个做错的英雄，至少比什么都不做的笨蛋好。
4561,Novel,王来承认，王来允许，王来背负这个世界！
616,Anime,最有名的莫过于想死一次吗。
3993,Game,这个国家的大地是活的，正如神创造这片大地时那样。
231,Anime,真正的危机不是机器人像人一样思考，而是人像机器一样思考。
3685,Internet,忘记本身就是一件不可能的事情，别妄想了。
1081,Other,眼睛一闭一睁，这一天就过去了；这眼睛一闭不睁，这辈子就过去了。
178,Anime,扎古不论怎么化妆都不可能变成高达的。
1170,Myself,我笑了，开怀的笑了，真的
567,Anime,前进吧，星星在你的头上闪耀哦！
45,Anime,如果聚集负的感情，世界就会陷入负的洪流；反之聚集正的感情，世界就会循着正道而行。
395,Internet,地球只有一个，而欧派有两个。
4192,Anime,既然今天是昨天，那么睡到明天就好。
4614,Anime,不动身的话就永远无法追寻，哪怕是休息也不会就此停下。
4339,Anime,世间有很多事情，人们无法从它寂静的表象，猜测到暗涌，就像一个人和另一个人的相遇
829,Anime,人的一生会遭遇各种各样的事，其中有令人难以置信的事，也有不讲道理的事，但都必须予以克服，这就是生活
906,Anime,我们不是狼，我们只是长着獠牙的羊......
859,Comic,"Choose , and choose wisely . Or others shall choose for you ."
4589,Myself,生活就像一盒巧克力，你永远不知道下一块会是什么味道。
1046,Anime,隐藏的是心中的秘密，照耀两人的是star和snow……
4425,Anime,不相信自己的人，连努力的价值都没有。
4610,Game,我觉得世界无聊，是因为我的世界本身已经足够有趣了
121,Anime,你的那双手呢，是为了紧紧抓住什么而存在的哦。
3671,Other,信息学竞赛中没有证明。
13,Anime,真相只有一个！
1082,Other,众里寻他千百度，蓦然回首，那人却在，灯火阑珊处。
835,Other,生活越来越压抑 你变得越来越不像自己 玫瑰你在哪里 你总是喜欢抓不住的东西
338,Novel,你有学校也有朋友，但对我来说，我的生活中就只有你。
4624,Internet,比起担心会后悔而什么都不做，还不如做完了再去后悔。
217,Anime,没有期盼就不会出现奇迹。
4161,Game,必须有人浴血奋战，世上才有自由可言
3823,Myself,免费？不存在的！别人总要从你那里拿走点什么，或者是名声或者是金钱。
3847,Novel,你...真是本末倒置，罔顾人伦！
648,Myself,世界上没有鸟黑，只有鸟厨和丧心病狂的鸟厨！
1147,Anime,人类，在决战之时难道会选择自己不擅长的武器来战斗吗？
1066,Anime,重逢的时候没想到我会这样喜欢他，虽然你不是我交往的第一人，可却是我的初恋，虽然你可能并不知道。
1273,Other,该庆幸至远至疏你我还未至陌路
858,Other,五十年来和五百年内，中国写猴子的前三名都是我、我、我。
4076,Comic,如果我是雨的话，也能像连接那永远都不将交汇的天空和大地一样，去连接某个人的心吗。
4190,Internet,只有除了爱情什么都不缺的人，才有底气去等待爱情。
319,Novel,夹在我女友与前女友与青梅竹马间的果然是修罗场！
630,Game,我不承认需要有人牺牲的魔法，而且人与人的思念，可以超越魔法。
1120,Internet,真正没有资格谈明天的人，是那个不懂得珍惜今天的人
4483,Novel,死并非再生的对立面，而是作为生的一部分永存于生中。
508,Other,言者无罪，闻者足戒。
361,Myself,那双紧握不放的手……抓住的是希望……亦或是绝望……
3589,Myself,一口饭掉一滴泪，一次咀嚼一个叹息
1061,Anime,荣耀就在彼方，遥不可及才要挑战，歌颂霸道，展现霸道，为了守护我背影的臣子。
4249,Game,成败就此一战，我们必须拼尽全力。
4618,Anime,为了传达不到的思念而苦恼，只会感到痛不欲生。
4347,Myself,多年后，我终于成就了自己。然而可惜不是你，陪我到最后
531,Anime,所谓的王，乃最贪婪，最豪爽，最易怒之人。且清且浊，追求极致人生。为臣者，因之而仰慕，追随其左右。因此，臣民才会有称王之志，追寻自己的理想。
775,Game,人能够在心里郁积那么多的事情，而他们又会忘记那么多的事情，真是不可思议…
275,Comic,如果不能忠于自己的心，胜负又有什么价值呢？
595,Anime,只有用心才能看到本质，最重要的东西眼睛是无法看到的。
1399,Other,少罗嗦，你还不如虫子呢！
235,Anime,只要你在，我便无所不能。
3751,Anime,不是为了战斗而活着，而是为了活着而战斗。
1282,Game,知识不求人。
3733,Anime,在狂热思绪下喊出的爱情宣言中，存在着爱情的实体
916,Other,照我思索，可理解我，照我思索，可以得人。
1053,Other,哈，所谓愿望能靠法宝就实现，也太廉价了吧？
3780,Internet,人生在世不称意，不如自挂东南枝
1277,Other,时间很贪婪——有时候，它会独自吞噬所有的细节。
40,Anime,要相信同伴，拯救同伴。
4567,Game,龙真的是从人们的愿望和想法中诞生的吗？
3939,Internet,有这种“自己又给人添麻烦了”的想法的人，都很敏感善良吧……
2,Anime,面对就好，去经历就好。
656,Anime,从你的前前前世开始，我就开始找寻你
1289,Other,纯氧对生物有害，毫无保留的真相，只会把人的精神击溃。一比五的氧与氮，才是可供呼吸的空气。同样，呼吸着以戏言稀释的少量真实，人才能维持健全的心。
148,Anime,我要拼，装上假牙也要拼！
639,Anime,没问题，绝对没问题
902,Anime,驱动着这个世界的，并非只有眼睛能够看到的东西。就像只观察结晶回路的轮盘是无法知晓齿轮的运动一样……
4487,Novel,命运如同一团乱麻，我们抽丝剥茧百般追寻，最终终于解开了这个线团，却发现所有人手里都拿错了线头…
4013,Anime,果然啊，创造一样东西很开心。让别人享受自己创造的东西，是一种幸福呢。
746,Internet,小胖子溜边走~
3810,Novel,全世界会有两万个人是你一见到她就会爱上她的，可你也许一辈子都遇不到一个。
3835,Game,虽然爱情主要取决于精神层面的东西，但是恋情却在相貌，气味等感官层面占的比例比较大。爱和恋并存，这才是所谓的恋爱啊
1222,Anime,你一直相信的事，也让我相信吧。活着，是件美好的事。
575,Novel,活着本身就很美妙，如果连这道理都不懂，怎么去探索更深的东西呢？
3,Anime,将愿望倾入不愿忘却的回忆中……
3650,Game,The cake is a lie.
4539,Myself,快乐，至少比富裕要好。
3654,Other,在这样一个世界里，生活的真实性被所谓的清晰概念完全掩盖。经验的本质被剥夺殆尽，取而代之的却只是空有的名称，而这些名称进而有取代了现实。
635,Anime,在排练的休息时间里要好好补充水分和盐分哦！
1,Anime,与众不同的生活方式很累人呢，因为找不到借口。
335,Novel,安心地睡吧，就算你将遗忘一切，我也会永远记得。我将为你而生、为你而死。
340,Novel,比起有一百个朋友，不如有个比一百人还要重要的真心朋友。
857,Anime,春天 马上就要来了  让我与你相遇的春天 就要来了  再也没有你的春天 就要来了
1185,Myself,不是他，变成他。
3715,Other,最近总是失眠16个小时就会醒一次。
346,Myself,"“你没车没房没卡,拿什么和我谈恋爱？”“......我有高达......”"
793,Anime,如果你是魔女，我只要化身魔王就可以了。
368,Myself,万书皆下品，唯有萌最高！
4128,Comic,我又不是因为你们的评价才去当的英雄，是因为我想当才去当的
3791,Novel,我们终此一生，就是要摆脱他人的期待，找到真正的自己。
461,Internet,这个城市大得让人到处能一见钟情，却没法重逢。
203,Anime,和我定下契约，成为魔法少女吧！
79,Anime,所以，他们的祭典还没结束。
4104,Anime,你相信时间会抚平一切，可时过境迁，你已不复醒
654,Anime,以彗星为龙，以彗星为绳结。描绘出割裂的彗星舞动的形态。又是一轮岁月。
645,Internet,赢了萌王，输了京介
3920,Novel,对不起，还有......谢谢你
3694,Myself,生活就是和过去再见，和未来遇见！
4621,Myself,我想这世上能让我却步和流泪的人，让我心绪波动拿起烟斗的人，终究是极少数。
4361,Anime,相信奇迹的人，本身就和奇迹一样了不起。
206,Anime,共道人间惆怅事，不知今夕是何年。
3912,Novel,其实从头到尾，被挫骨扬灰，灰飞烟灭的，只有温情一人。
4470,Anime,长大了，才能体会什么是责任！
4051,Myself,真正无穷的自由，会包容你所有的思念
1318,Comic,爱与友情以及勇气改变不了一个人，只有受伤才能让人成长
980,Anime,我想成为一个温柔的人，因为曾被温柔的人那样对待，深深了解那种被温柔相待的感觉。
4569,Anime,你从我的手中展翅高飞，我深受打击。在这世上的某处，再次寻找崭新的你的影子，那就是我们之间的美好结局。
4575,Other,如果再也见不到你，祝你早安、午安、晚安。
175,Anime,龙儿是我的，谁都不准碰！
4485,Anime,我只是想要得到「我没有逃避」的记忆吧。
4236,Other,常记溪亭日暮，沉醉不知归路。兴尽晚回舟，误入藕花深处。
4144,Myself,心若不动，风又奈何
4021,Myself,为什么我要走这条路？因为我在这条路上遇到过你。
960,Other,死亡不是失去了生命，只是走出了时间
900,Other,"前不见古人,后不见来者.念天地之悠悠,独怆然而涕下."
285,Game,"Nothing is true, everything is permitted."
1090,Anime,"只要一天活著,难过的事总有一天会让你笑著说出来。"
4008,Anime,而我不知不觉把自己遗忘，只想为你完成那个梦想。
3828,Novel,有一种东西不能遵循从众原则，那就是人的良心。
3617,Comic,不幸的是我们等了那么多年，幸运的我们那么多年过去还一直在一起
176,Anime,贫乳是社会地位的象征。是具有稀有价值的！
1379,Other,万有引力可无法对坠入爱河的人负责。
3740,Myself,人颜美祸，不过一场空悲。
4184,Game,生者，生者，路化冰河。
390,Internet,君子可寓意于物，但不可留意于物。
708,Anime,彼方为谁，无我有问 ；九月露湿，待君之前
51,Anime,世界上没有偶然，有的只是必然。
29,Anime,其实，恋爱这种东西，当你看上人家的那一刹那就已经失败了。
3942,Other,该打的仗我已经打过了，该走的路已经走到了尽头，我守住了我信的道。
1096,Novel,一个人之所以幸福，并不是他得天独厚，只是那个人心想着幸福，为忘记痛苦而努力，为变得幸福而努力。
4373,Other,月色与雪色之间，你是第三种绝色。
1196,Anime,如果当初握住的不是硬币，而是勇者的手......
516,Anime,人生就是一列开往坟墓的列车，路途上会有很多站，很难有人可以自始至终陪着走完。当陪你的人要下车时，即使不舍也该心存感激，然后挥手道别。
883,Anime,最初的一步，泪水之后再一次，雕刻的风景线，消逝在黄昏中的风，直到梦的最后。
1230,Anime,虚伪的眼泪，会伤害别人，虚伪的笑容，会伤害自己。
798,Game,到底该怎么做，你才会重新喜欢我呢？
127,Anime,我不是萝莉控，是妹控啊！
3830,Internet,不要为小事遮住视线，我们还有更大的世界
701,Anime,"前天是小兔子,昨天是小鹿,今天是你"
3850,Novel,你欺他眼盲，骗得他好苦！
4336,Anime,或许前路永夜，即便如此我也要前进，因为星光即使微弱也会为我照亮前途。
330,Novel,桑丘，让他们管我叫疯子吧，我还疯得不够，所以得不到他们的赞许。
4164,Other,致梦想创造游戏的你，请绝对不要让这份情感在梦里终结。
3961,Comic,小鸟......是无法追上飞龙的。
303,Game,工程穷三代，考古毁一生。
4619,Other,醉后不知天在水 满船清梦压星河
4288,Novel,你的无畏来源于无知。
1059,Novel,自以为是永远都是大敌，因为本可看到的东西也会视而不见。
559,Anime,人，只有在放弃战斗的时候才算输，只要坚持战斗，就还没输！
576,Novel,"“哦,要进画里了,孩子们,走好。”——将被二维化的罗辑"
4250,Game,勇气并非来自体力，而是来自不屈不挠的意志。
4344,Other,我愿披挂长风扬鞭策马 去看去唱那四海之大
3602,Anime,我终不能改变那个开始，何不忘了那个结局呢。
4046,Other,我这一生都是坚定不移的唯物主义者，唯有你，我希望有来生。
4177,Game,荣誉之于生死，救赎之于荣誉
1040,Anime,无论最终的结果是什么，只要这是自己选择的道路。
12,Anime,人经历风浪是会变得更强，可是船不同，日积月累的只有伤痛。
622,Anime,请不要跟我搭话。我讨厌你！
1051,Anime,我再也不要看见她哭的样子了，就算我从此从她心目中消失。
75,Anime,若隐若现才是艺术！
1124,Anime,神会对努力之人微笑，这是骗人的，但我们偶然会被命运之神垂青。
1295,Myself,暴力出奇迹，骗分过样例。
363,Myself,每个凉宫都会遇到属于她的John Smith。
1078,Myself,把自己当傻瓜，不懂就问，你会学的更多
1293,Novel,我爱你是一连串夹七缠八永远说不清楚很难明白可能最好就不要懂了的爱你。
1353,Anime,遇到事情不能坐以待毙！
3788,Novel,如果你爱上了某个星球的一朵花。那么，只要在夜晚仰望星空，就会觉得漫天的繁星就像一朵朵盛开的花。
3805,Myself,路，在不通时，选择拐弯，心，在不快时，选择看淡；情，在渐远时，就选择随意。圈子不同，不必强融。
956,Anime,即使你忘却了我，我也不会遗忘你。
4074,Other,透过你的眼，离别也是诗
4473,Game,我会穿越那七大海洋，去和你相见。
1209,Other,你要做一个不动声色的大人了，不准情绪化，不准偷偷想念，不准回头看，去过自己另外的生活，你要听话，不是所有的鱼都生活在同一片海里
466,Other,不管怎么样，未来都是可以改变的。
414,Internet,有些人，一旦遇见，便一眼万年；有些心动，一旦开始，便覆水难收。
4103,Anime,或许，你认为你的心已经给了他。但是，我会证明……我有一颗爱你的心！
4171,Internet,每天晚上想睡觉的时候，总是不由自主的想硬撑着不睡，没有在等什么，也不知道自己在熬什么
732,Anime,我除了投三分，就什么都没有了…
387,Internet,给我一个电话亭，我要拯救地球。
3887,Anime,应该可以了吧，我已经很努力了，应该可以抵达终点了……
266,Anime,一个人走在路上，形单影只。回首望去，大家都留在远方。回过头来继续前行，这便是所谓坚强。
464,Other,我爱上的人，称我为怪叔叔
4412,Other,I never change whatever U change.
1076,Internet,你什么时候放下，什么时候就没有烦恼
4108,Anime,人各有命，上天注定。有人天生为王，有人落草为寇。脚下的路如果不是你自己的选择，那么旅程的终点在哪儿也没人知道，你会走到哪儿，会碰到谁，都不一定。
122,Anime,去死两次！
770,Myself,你说过等我的······
94,Anime,相信十年后的八月，我们还会相遇。
4383,Internet,难受就是难受…不要让开心变成一种负担…
533,Anime,梦存高远，志在争霸，这股热情确实值得赞许。但所谓梦，终有一天是要醒来的。
4280,Anime,从开始的第一天起，就回不去了。
1298,Myself,"If you can't win the game, change the rules."
74,Anime,既然如此，就再努力一次吧。别在这里愁眉不展，也不要再自欺欺人，重新来过！
1064,Anime,大家互相帮助，一起成功，一起幸福什么的，不过是种理想。
162,Anime,不相信人咬不到肚脐的，咬破肚脐去死如何？
1166,Anime,越是珍惜呆在这里的时间，今后就越是悲伤吧。但是我认为不能称之为「后悔」。
1045,Internet,人生最重要的是时机，时机对了，凡事都有可能。
4210,Other,蒹葭苍苍，白露为霜。所谓伊人，在水一方。
385,Internet,生活就像愤怒的小鸟，失败后总有几只猪在笑。
4309,Novel,路是脚踏出来的，历史是人写出来的。
4204,Other,求之不得，寤寐思服。悠哉悠哉，辗转反侧。
4319,Myself,就是因为知道永远都不可能在一起，所以我才会更加珍惜和你在一起的每一天！
4410,Other,最怕一生碌碌无为，还安慰自己平凡可贵。
4607,Game,厌倦的人何止是你呢……但我还会继续等待下去，我必须继续等待下去
4241,Novel,大多数人到死都没有向尘世之外瞥一眼。
3909,Novel,我等你十三载，你如何回我？
1246,Game,无论是钱，是名，还是其他的什么东西——只要他觉得有，他就会去做。哪怕是。。交易
4146,Novel,春空千鹤若幻梦，夕波千鸟若长鸣。
4600,Anime,现世为梦，夜梦为真。
5,Anime,看似美好的东西，往往藏着陷阱。
479,Other,透过孩子的眼神，让我相信这个世界上还有着纯真。
3637,Anime,这是你所不能理解的，人类感情的极致，比希望更热烈，比绝望更深邃——爱！
3897,Novel,掌覆道左阴翳 妄握天格命理
3793,Myself,穿别人的鞋，走自己的路，让他们找去吧。
4559,Comic,我们是学生，学生就要有学生的样子。
4282,Myself,坚定信念走下去。
773,Anime,不习惯的事越来越多，但我仍在前进…就算步伐很小，我也在一步一步的前进。
722,Game,生生生生暗生始，死死死死冥死终。
1357,Novel,终有一天你会跨过静谧无声的洗墨江，离开群山环抱的旧桃源，来到无边阴霾的夜空之下。你要记得，命运悬在刀尖上，而刀尖须得永远向前。愿你在冷铁卷刃前，得以窥见天光。
4631,Other,世间无限丹青手，一片伤心画不成。
3593,Internet,所爱隔山海，山海皆可平。可是你不爱我啊，隔了座火焰山还拿不到芭蕉扇。我奋不顾身穿山越岭到了你身旁，你也只会来一句“卧槽你好666啊”
313,Novel,但是，这一次你将不再孤独。
1063,Game,即使你改变了过程，也改不了结果。
1309,Novel,能诚实地承认穷，诚恳地表达对于钱的兴趣，就是穷者的尊严。
4286,Novel,我爱你，与你有何相干？毁灭你，又与你有何相干？
634,Anime,希望老师像帮我一样帮帮れいジ
4581,Anime,人间不温柔
4464,Novel, 不合理的事物，未必都是显而易见的
4322,Other,创作一部动画也就是创造一个虚拟的世界，这个世界慰藉着那些暂时失去勇气的、与残忍现实搏斗的灵魂。
834,Anime,时间可以治愈？如果时间也病了怎么办
3661,Anime,清算，终将到来。
3674,Myself,我打架很厉害的，身体疼没什么了不起，心里疼才会哭
332,Novel,只是，想要做些什么而已。 觉得不做些什么就会死掉而已。
60,Anime,做不到的话，不过就是一死 。但是，赢了就能活下去，要是不战斗就赢不了。
109,Anime,我会继续等着你，就算是一万二千年。
287,Game,就算一次也好，我想在这颗星球上尽情奔跑。
4101,Anime,千山万水，因你不过毫厘
3992,Other,空无一物本身，是一些无惧无畏的旅人的起点，却是我的终点。
1239,Myself,愿留在Minecraft，也不愿回到现实。
4176,Anime,你知道吗？从人眼的高度能看到的地平线，是离自身的距离大约是4公里。
809,Myself,大力出奇迹，穹妹即正义。
11,Anime,努力是不会背叛自己的，虽然梦想有时会背叛自己。
650,Anime,不管你在世界的哪个地方，我一定会，再次去见你的。
4308,Myself,请保持理性，冰冷的数字总是比一拍脑门的决定好多了。
4238,Game,为荣耀而生，为荣誉而死。
4340,Other,"问苍茫大地,谁主沉浮?"
4052,Anime,只会比大小真是没品
4352,Other,唯有爱与梦想不可辜负
1369,Anime,只要记住你的名字，不管你在世界的哪个地方 ，我一定会，去见你。
4453,Novel,人必须先说很多话，然后保持静默。
4024,Anime,小鬼，你为坠入不幸深渊之人而心痛  我不会多言，只不过周遭充斥不幸，而你的小船仅能载一人，若救助其他人，只会让彼此沉没。
4175,Game,这个世界需要更多的英雄！
3952,Internet,脆弱的人才会四处游说自己的不幸，坚强的人只会不动声色地愈渐强大 。
421,Internet,记性太好，有时候是一种负担。容易忘记往事的人，是幸福的。
4415,Novel,弱小和无知不是生存的障碍，傲慢才是。
4139,Internet,有时候会想，历史课本上的一句话，背后是那么多人的故事、那么多人的一生啊
65,Anime,有被杀的觉悟，才有资格开枪。
290,Game,只要你还记得我，我就会一直在你的身边。
653,Anime,醒来的时候 不知道自己为什么哭 时常会有的事情 做过的梦总是回想不起 只是 一种有什么消失的丧失感
3799,Novel,风里有花香，身边有最爱的人。
4291,Novel,我们都是阴沟里的虫子，但总还是得有人仰望星空。
4096,Novel,心有猛虎，细嗅蔷薇
3812,Internet,我本将心向明月，奈何明月照沟渠。落花有意随流水，流水无心恋落花。
451,Internet,上帝说要有光，于是萝莉就掀起了裙子。
1333,Anime,"只要世间有酒,我就喝不够!"
1283,Myself,"不当回忆起,已不知落下多少份曾经以为坚定不移都丢不下的纯真,现虽能捡起,但却已失去了当初的味道。"
4056,Myself,不是所有牛奶都叫特仑苏。
4496,Anime,我无知又愚蠢，世界残酷又疯狂。
881,Internet,如果你不能给她穿上嫁衣，请停下脱她衣服的手
4509,Myself,世事变迁，沧海桑田，它在万维网的角落，等着哥伦布和他的船员。
4277,Anime,邪王真眼是最强的
1262,Other,落霞与孤鹜齐飞，秋水共长天一色。
3999,Novel,假如温暖的阳光照得到这里，我拉长的身影大概可以覆盖住灰色的鸟和菠萝吧。
4418,Internet,想留的人却总难留，想说的话都到嘴边。
3710,Myself,"有些人适合牵手，而有些人适合孤独地走。
愿岁月静好，
愿年华依旧，
愿有人用其一生。挽你衣袖！"
757,Anime,就连一直都无容身之地的我…也不是可以任意舍弃的生命。
781,Myself,时间就是一个饥饿的怪物，稍有不慎便会被它吃掉。
384,Internet,记得当时年纪小，你爱卖萌我爱笑。
4520,Anime,站起来！站起来啊！你是我的腿吧！站起来啊！
805,Other,悲伤可以自行料理;而欢乐的滋味如果要充分体会，你就必须有人分享才行。
228,Anime,堕入黑暗裏的可怜影子啊，停止伤害他人的行为吧，犯下罪行的灵魂……想死一次么？
545,Anime,JOJO，我不想再做人了！！
3825,Game,咖啡哪怕是一瞬间被置于真空当中，就会因为过低的气压导致瞬间的沸腾，之后被夺走蒸发热的水在沸腾的瞬间将冰冻。
4342,Anime,人类的赞歌就是勇气的赞歌
3688,Myself,那不是温柔，那不过是软弱罢了
234,Anime,没有谁能够永远坚强下去的，每个人都会有疲累的无法站起的时候。世间的故事，就是为了这一刻而存在的哦。
749,Anime,男人的爱情是另存为，女人的爱情是覆盖。
3628,Other,千般荒凉，以此为梦；万里蹀躞，以此为归。
655,Anime,聚拢，成形，捻转，回绕，时而返回，暂歇，再联结。这就是组纽。这就是时间。这就是，联结
4111,Novel,我以为看到了你，便拥有了整个世界。却没想到你的梦里，早已有了我。
4537,Anime,因为我...我希望不做任何的努力，让对方喜欢上最真实的我。
251,Anime,鲁鲁修，你知道雪花为什么是白色的吗？因为已经忘记自己本来是什么颜色啊。
411,Internet,无论是丢下还是被丢下，都是一样痛苦的。
4616,Anime,这个世界啊，很美丽的，很广大的，很辽阔的！
1109,Internet,我们都是好朋友吧，所以你的东西就是我的东西，我的东西还是我的东西。
426,Internet,生活就像超级女生，走到最后的都是纯爷们。
4067,Myself,容忍别人的一切错误
4438,Novel,人类的悲欢并不相通，我只是觉得他们吵闹。
1085,Other,不幸才是生活的常态。
951,Anime,整个社会对我都很苛刻。所以至少让我自己宽容一下我自己吧。如果大家都对自己更宽容一点的话。大家都变成废柴就没有废柴了。
4140,Other,原谅他是上帝的事情。我的事情就是送他去见上帝
49,Anime,欺骗世界，欺骗最初的你。
62,Anime,我们的夏天仍未结束。
407,Internet,即使无法掌握未来，也请不要忘了明天。
542,Anime,由变态化身成为变态，也就是真·变态，也就是说，完全变态呢。
4208,Other,桃之夭夭，灼灼其华。之子于归，宜其室家。
4465,Novel,"眼泪可以渡走悲伤,眼泪带不走的悲伤,就用笑声埋藏。"
4126,Novel,人最强大的武器，是习惯和信赖。
172,Anime,我在人生的道路上迷失了。
277,Comic,一起去看星星吧。
211,Anime,今天你最后遇见的那个人有在微笑吗？
415,Internet,一定是红线下得太乱，才不小心把我和你绑在一起了……却没系稳。
156,Anime,对不起，风太大，我没有听清楚……
4267,Novel,一个人有两个我，一个在黑暗中醒着，一个在光明中睡着。
3984,Myself,因为喜欢你，所以喜欢你。
1242,Anime,去做你喜欢做的事吧 这就是所谓的那啥...青春嘛
3681,Anime,正因为不会发生，人们才称它为”奇迹“
1074,Other,苟利国家生死以，岂因祸福避趋之
3787,Novel,我太年轻了，甚至不懂怎么去爱她。
4398,Internet,今天地铁上明显少了很多人。
255,Anime,有些事情我不看透，不是我笨，只是我太善良。
899,Other,如今我对自己故乡，像来往匆匆的过客。
1402,Anime,在走廊上跌倒会流鼻血，在人生中跌倒会流眼泪。
4333,Anime,你驻足于春色中，于那独一无二的春色之中。
301,Game,既不回头，何必不忘；既然无缘，何必誓言；今日种种，似水无痕。
4632,Myself,我也是二十岁的大人了～
4427,Anime,我一点也不走运。
1176,Anime,其实我对混合咖啡还是很有自信的
381,Internet,我们在年少时并不知道，有些乐章一旦开始，唱的就是曲终人散。
438,Internet,空山新雨后，兵长一米六。
4290,Novel,给岁月以文明，而不是给文明以岁月。
1403,Anime,相信十年后的八月，我们还会相遇。
4376,Anime,有一天，你到了人类的世界，不要去爱上一个人，因为，爱上一个人，会让你真正变成孤单一人。
379,Myself,天下哪有真情在？只要够萌咱都爱！
39,Anime,如果我不会飞，那我就只是一只普通的猪。
4394,Other,逢うべき糸に出逢えることを 人は仕合わせと呼びます
4411,Other,地球还在旋转，太阳照常升起。我还有梦，尚待实现。
735,Anime,女生口中的「好人」首先百分之百是「怎样都好的人」的意思，再好也不过止于「方便好使的人」。也就是说，不管怎样都是没戏了。
4554,Other,稳定不是一辈子拴在一个单位，而是有本事去任何单位。
991,Anime,拿起武器，无论顺从还是逃跑，都无法得到自由，既然如此，我们只能战斗，为了自由，站起来吧。
510,Other,天作孽，犹可违，自作孽，不可活。
386,Internet,我们擦身而过，是为了相识或者遗忘。
3853,Novel,愿来世，你晓天，晓地，晓星尘。
971,Other,"Write the code, Change the world."
4545,Myself,我没有说谎，是爱情说谎，他带你来骗我说，渴望的，有可能，有希望。
4221,Myself,我无法参加你的派对，因为我沉迷在自己的世界。
919,Myself,即使认真做 有些事还是做不到啊
557,Anime,人生中有些事你不竭尽所能去做，你永远不知道自己有多出色！
854,Anime,什么都无法舍弃的人，什么都无法改变 。
4213,Internet,我想要山盟，你却带给我海誓。
493,Other,岁寒，然后知松柏之后凋也。
1026,Anime,当一个胖纸没有什么不好，最起码可以温暖其他的人。
3935,Anime,殺してあげる
3709,Internet,双马尾是最好的方向盘
3722,Internet,活的越是绝望 写的词越是温柔 这也许是世间最大的讽刺
523,Anime,死亡只要在人生的终点尝试一次就够了~
283,Comic,我的一生，无怨无悔！
4462,Novel,当你凝视深渊，深渊也在凝视着你。
360,Myself,一句话，不足以讲述一个故事，却可以让我们回味那些个动人的瞬间。
815,Internet,"有家,有爱,有欧派"
665,Anime,喜欢喜欢轻飘飘喜欢喜欢轻飘飘让我们一起来！
4392,Other,いつだって 信じて 可能性 は無限大
3677,Anime,只要万事俱备，就能一直保持冷静，无论发生什么事，都不会害怕。
153,Anime,All for one，one for all.
527,Anime,努力可是要默默藏起来的。
989,Comic,吟唱幸福的歌谣，令少女沉醉向往。童话堕入黑夜，是谎言还是幻梦，无声终结
838,Anime,求你，保护那孩子，消除灾厄，抹除祸事。哪怕…那是我自己…
1276,Other,得到了再失去，总是比从来就没有得到更伤人。
520,Anime,"与其想着怎么美丽地牺牲,倒不如想着怎么漂亮地活到最后一刻。"
627,Anime,最喜欢你了唷！！ 开玩笑的！！啊--！好害羞 有机会的话会再写信给你。 希望那时，能变得更加坦率捏~
3814,Myself,与其在家颓废，还不如多出去干点善事
4113,Anime,"人的能力是有极限的。我从短暂的人生当中学到一件事……越是玩弄计谋,就越会发现人类的能力是有极限的……除非超越人类。"
929,Myself,愿：汝之烦恼痛苦心不在焉，汝之快乐幸福全神贯注。
344,Myself,今天的早餐是：早苗的面包、秋子的果酱和观铃的果汁~
4003,Game,纵然身朽去，心美亦永恒。
4148,Comic,憧憬是距离理解最遥远的感情
4186,Novel,人生当苦无妨，良人当归极好。
339,Novel,日子过的象流水一般。它静静的从我们身边缓缓流过，不带半分声响。那些我们当年执着的人，执着的事，执着之后，却变成一种负担。
1235,Anime,未来的旅程是如此遥远，能见到的光明却是如此稀少。即使如此——我仍然没有完全放弃希望。
4420,Anime,电助！凉子，看到了吗！
4591,Game,消磨时间尚有更好的方法。想不想尝试一下？
4321,Anime,我爱你，与你何干？
4077,Novel,在永恒与虚无之间，为你沉默。
433,Internet,请叫我女王大人~
4207,Other,投我以木瓜，报之以琼琚。匪报也，永以为好也！
154,Anime,老是低着头，幸福可是会离你而去的喔。
214,Anime,我问你：你是我的Master吗？
4212,Other,蒹葭采采，白露未已。所谓伊人，在水之涘。
1236,Internet,胆小鬼连幸福都害怕，碰到棉花都会受伤
382,Internet,故乡的云。上古的玉。随手的诗。十九岁的你。
779,Other,要么忙着生存要么赶着去死，人总要做点什么
3857,Novel,负霜华，行世路。一同星尘，除魔歼邪
274,Anime,时间是伟大的作家，总会写下完美的结局。
201,Anime,世界并不完美，却因此而美丽。
4499,Myself,我也要AK IOI！
47,Anime,人不能一个人活下去，不需要任何人的孤独和需要人但得不到的孤独是不一样的。
566,Anime,不好意思，我喜欢的是艾米莉亚
110,Anime,不管看到什么样的过去，都请不要迷失自己，不管你变成什么样子，我都是你的同伴。
10,Anime,我是一个经常笑的人，可我不是经常开心的人。
1278,Other,为你，千千万万遍。
430,Internet,智商是硬伤。
4350,Internet,跑得快不一定赢，老跌跟头才是成功
4587,Myself,然而世事千帆而过 路的尽头终归是温柔和月光
896,Anime,失礼。噛みました
512,Anime,不管前方的路有多苦，只要走的方向正确，不管多么崎岖不平，都比站在原地更接近幸福。
4179,Game,我也许不是好人，也不是坏人，但肯定不是小人。
1221,Anime,如果因为害怕失败，而不去努力，那就不会有能够成功的人。
1393,Anime,我们都在命运之湖上荡舟划桨，波浪起伏着而我们无法逃脱孤航。但是假使我们迷失了方向，波浪将指引我们穿越另一天的曙光。
4158,Myself,我不再是我，我究竟是什么
543,Anime,我秃了，我也变强了
4609,Game,如果人类都是神之子的话——是否愿意给我…这个不听话的逆子一点奖赏？
4511,Novel,我们奋力前行，逆水行舟，被不断向后推，直至回到往昔岁月。
4100,Game,那些褪色后的记忆，人们会将之镌刻在内心的最深处。所有的梦都是另一个现实。请不要忘记。
4351,Other,人的生活有许多楼层，眼睛看得见的只是一种可能性，但心中则汇集着所有可能性。
4512,Other,不驰于空想，不骛于虚声。
3615,Internet,生活的洪流欲让人们窒息，我们却在缺氧的环境中肆意成长。
3734,Anime,回首前尘，尽是可耻的过往
24,Anime,既不回头，何必不忘；既然无缘，何须誓言；今日种种，似水无痕；明夕何夕，君已陌路。
3750,Internet,人生是场马拉松，比的不是谁目前跑的快，也不是谁先跑到终点。而是怀着希望跑完全程，快慢无所谓因为每个人都活在自己的时区。只要坚持下去，不仅可以到达目的地实现梦想，还不会因为匆忙赶路而错过沿途的风景。
166,Anime,只要有你，我便无所不能。
475,Other,既然忘不掉，就把它留在心中，让时间去冲淡它。
1274,Internet,缘，妙不可言
70,Anime,我会跟她结婚，并不是因为她是计算机，而是因为她就是她。同样的，我会喜欢你，也是因为你就是你。
3797,Game,继续战斗！为了子子孙孙，你们不能放弃！别让我们的牺牲付诸东流！我们……啊啊啊啊啊啊啊——【信号丢失】
4447,Anime,要把所有的夜归还给星河，把所有的春光归还给疏疏篱落，把所有的慵慵沉迷与不前，归还给过去的我。
618,Game,「あたいってば最強ね！」（本小姐最強）
